OP CODE,OP TYPE,GLOBAL CALL COUNT,DEVICE ID,DEVICE ARCH,ATTRIBUTES,MATH FIDELITY,CORE COUNT,AVAILABLE WORKER CORE COUNT,PARALLELIZATION STRATEGY,HOST START TS,HOST END TS,HOST DURATION [ns],DEVICE FW START CYCLE,DEVICE FW END CYCLE,OP TO OP LATENCY [ns],OP TO OP LATENCY BR/NRISC START [ns],DEVICE FW DURATION [ns],DEVICE KERNEL DURATION [ns],DEVICE KERNEL DURATION DM START [ns],DEVICE KERNEL DURATION PER CORE MIN [ns],DEVICE KERNEL DURATION PER CORE MAX [ns],DEVICE KERNEL DURATION PER CORE AVG [ns],DEVICE KERNEL FIRST TO LAST START [ns],DEVICE BRISC KERNEL DURATION [ns],DEVICE NCRISC KERNEL DURATION [ns],DEVICE TRISC0 KERNEL DURATION [ns],DEVICE TRISC1 KERNEL DURATION [ns],DEVICE TRISC2 KERNEL DURATION [ns],DEVICE ERISC KERNEL DURATION [ns],DEVICE COMPUTE CB WAIT FRONT [ns],DEVICE COMPUTE CB RESERVE BACK [ns],DEVICE DM CB RESERVE BACK BRISC [ns],DEVICE DM CB RESERVE BACK NCRISC [ns],DEVICE DM CB WAIT FRONT BRISC [ns],DEVICE DM CB WAIT FRONT NCRISC [ns],DEVICE DM NOC READ BARRIER BRISC [ns],DEVICE DM NOC READ BARRIER NCRISC [ns],DEVICE DM NOC WRITE WAIT BRISC [ns],DEVICE DM NOC WRITE WAIT NCRISC [ns],DEVICE DM SEM WAIT BRISC [ns],DEVICE DM SEM WAIT NCRISC [ns],DISPATCH TOTAL CQ CMD OP TIME [ns],DISPATCH GO SEND WAIT TIME [ns],INPUT_0_W_PAD[LOGICAL],INPUT_0_Z_PAD[LOGICAL],INPUT_0_Y_PAD[LOGICAL],INPUT_0_X_PAD[LOGICAL],INPUT_0_LAYOUT,INPUT_0_DATATYPE,INPUT_0_MEMORY,INPUT_1_W_PAD[LOGICAL],INPUT_1_Z_PAD[LOGICAL],INPUT_1_Y_PAD[LOGICAL],INPUT_1_X_PAD[LOGICAL],INPUT_1_LAYOUT,INPUT_1_DATATYPE,INPUT_1_MEMORY,INPUT_2_W_PAD[LOGICAL],INPUT_2_Z_PAD[LOGICAL],INPUT_2_Y_PAD[LOGICAL],INPUT_2_X_PAD[LOGICAL],INPUT_2_LAYOUT,INPUT_2_DATATYPE,INPUT_2_MEMORY,INPUT_3_W_PAD[LOGICAL],INPUT_3_Z_PAD[LOGICAL],INPUT_3_Y_PAD[LOGICAL],INPUT_3_X_PAD[LOGICAL],INPUT_3_LAYOUT,INPUT_3_DATATYPE,INPUT_3_MEMORY,OUTPUT_0_W_PAD[LOGICAL],OUTPUT_0_Z_PAD[LOGICAL],OUTPUT_0_Y_PAD[LOGICAL],OUTPUT_0_X_PAD[LOGICAL],OUTPUT_0_LAYOUT,OUTPUT_0_DATATYPE,OUTPUT_0_MEMORY,METAL TRACE ID,METAL TRACE REPLAY SESSION ID,COMPUTE KERNEL SOURCE,COMPUTE KERNEL HASH,DATA MOVEMENT KERNEL SOURCE,DATA MOVEMENT KERNEL HASH,PROGRAM HASH,PROGRAM CACHE HIT,TENSIX DM 0 MAX KERNEL SIZE [B],TENSIX DM 1 MAX KERNEL SIZE [B],TENSIX COMPUTE 0 MAX KERNEL SIZE [B],TENSIX COMPUTE 1 MAX KERNEL SIZE [B],TENSIX COMPUTE 2 MAX KERNEL SIZE [B],ACTIVE ETH DM 0 MAX KERNEL SIZE [B],ACTIVE ETH DM 1 MAX KERNEL SIZE [B],IDLE ETH DM 0 MAX KERNEL SIZE [B],IDLE ETH DM 1 MAX KERNEL SIZE [B],PM IDEAL [ns],PM COMPUTE [ns],PM BANDWIDTH [ns],PM REQ I BW,PM REQ O BW,PM FPU UTIL (%),NOC UTIL (%),MULTICAST NOC UTIL (%),DRAM BW UTIL (%),ETH BW UTIL (%),NPE CONG IMPACT (%)
BinaryNgDeviceOperation,tt_dnn_device,1024,0,,{'binary_op_type': 'BinaryOpType::ADD'; 'compute_kernel_config': 'std::nullopt'; 'dtype': 'DataType::BFLOAT16'; 'input_dtype': 'DataType::BFLOAT16'; 'is_quant_op': 'false'; 'is_sfpu': 'false'; 'is_where_op': 'false'; 'lhs_activations': '{}'; 'memory_config': 'MemoryConfig(memory_layout=TensorMemoryLayout::INTERLEAVED;buffer_type=BufferType::DRAM;shard_spec=std::nullopt;nd_shard_spec=std::nullopt;created_with_nd_shard_spec=0)'; 'post_activations': '{}'; 'rhs_activations': '{}'; 'scalar': 'std::nullopt'; 'sub_core_grids': 'std::nullopt'; 'subtile_broadcast_type': 'SubtileBroadcastType::NONE'; 'worker_grid': '{[(x=0;y=0) - (x=10;y=9)]}'},HiFi4,110,,,1981944452,1982046537,102085,4380160682957,4380160685999,0,0,2253,1816,1684,184,1402,299,570,1671,1220,1240,564,657,,535,16,,61,753,,,341,262,,,,,,1[1],1[1],32[32],32[32],TILE,BFLOAT16,DEV_1_DRAM_INTERLEAVED,1[1],1[1],32[32],32[32],TILE,BFLOAT16,DEV_1_DRAM_INTERLEAVED,,,,,,,,,,,,,,,1[1],1[1],32[32],32[32],TILE,BFLOAT16,DEV_1_DRAM_INTERLEAVED,,,['ttnn/cpp/ttnn/operations/eltwise/binary_ng/device/kernels/compute/eltwise_binary_no_bcast.cpp'],['eltwise_binary_no_bcast/14288279633599727612/'],['ttnn/cpp/ttnn/operations/eltwise/binary_ng/device/kernels_ng/dataflow/reader_interleaved_no_bcast.cpp'; 'ttnn/cpp/ttnn/operations/eltwise/binary_ng/device/kernels_ng/dataflow/writer_interleaved_no_bcast.cpp'],['reader_interleaved_no_bcast/17691247497470902086/'; 'writer_interleaved_no_bcast/10311599973615775795/'],18417575360683381351,False,1300,1908,1460,672,1372,0,0,0,0,1,1,1,[],[],0.055,,,,,
UnaryDeviceOperation,tt_dnn_device,2048,0,,{'bfp8_pack_precise': 'false'; 'fp32_dest_acc_en': 'false'; 'op_chain': '{BasicUnaryWithParam<float; int; unsigned int>(base=BasicUnaryWithParam<float>(op_type=UnaryOpType::EXP;param={0}))}'; 'output_dtype': 'DataType::BFLOAT16'; 'output_memory_config': 'MemoryConfig(memory_layout=TensorMemoryLayout::INTERLEAVED;buffer_type=BufferType::DRAM;shard_spec=std::nullopt;nd_shard_spec=std::nullopt;created_with_nd_shard_spec=0)'; 'preserve_fp32_precision': 'false'; 'sub_core_grids': 'std::nullopt'},HiFi4,1,,,2055337211,2055430148,92937,4380259755869,4380259759053,73385570,73385611,2359,1879,1837,1879,1879,1879,82,1796,548,635,1493,223,,417,20,,21,1407,,,367,204,,,,,,1[1],1[1],32[32],32[32],TILE,BFLOAT16,DEV_1_DRAM_INTERLEAVED,,,,,,,,,,,,,,,,,,,,,,1[1],1[1],32[32],32[32],TILE,BFLOAT16,DEV_1_DRAM_INTERLEAVED,,,['ttnn/cpp/ttnn/operations/eltwise/unary/device/kernels/compute//eltwise_sfpu.cpp'],['eltwise_sfpu/10029552010278408165/'],['ttnn/cpp/ttnn/operations/eltwise/unary/device/kernels/dataflow/writer_unary_interleaved_start_id.cpp'; 'ttnn/cpp/ttnn/operations/eltwise/unary/device/kernels/dataflow/reader_unary_interleaved_start_id.cpp'],['writer_unary_interleaved_start_id/4894176828902453217/'; 'reader_unary_interleaved_start_id/1030765248970988015/'],6951186318373350250,False,1160,1076,1128,828,1180,0,0,0,0,1,1,1,[],[],0.053,,,,,
UnaryDeviceOperation,tt_dnn_device,3072,0,,{'bfp8_pack_precise': 'false'; 'fp32_dest_acc_en': 'false'; 'op_chain': '{BasicUnaryWithParam<float; int; unsigned int>(base=BasicUnaryWithParam<float>(op_type=UnaryOpType::EXP;param={0}))}'; 'output_dtype': 'DataType::BFLOAT16'; 'output_memory_config': 'MemoryConfig(memory_layout=TensorMemoryLayout::INTERLEAVED;buffer_type=BufferType::DRAM;shard_spec=std::nullopt;nd_shard_spec=std::nullopt;created_with_nd_shard_spec=0)'; 'preserve_fp32_precision': 'false'; 'sub_core_grids': 'std::nullopt'},HiFi4,1,,,2055491595,2055492867,1272,4380259965841,4380259969002,153661,153698,2341,1856,1819,1856,1856,1856,66,1790,541,641,1475,228,,427,19,,21,1401,,,358,204,,,,,,1[1],1[1],32[32],32[32],TILE,BFLOAT16,DEV_1_DRAM_INTERLEAVED,,,,,,,,,,,,,,,,,,,,,,1[1],1[1],32[32],32[32],TILE,BFLOAT16,DEV_1_DRAM_INTERLEAVED,,,['ttnn/cpp/ttnn/operations/eltwise/unary/device/kernels/compute//eltwise_sfpu.cpp'],['eltwise_sfpu/10029552010278408165/'],['ttnn/cpp/ttnn/operations/eltwise/unary/device/kernels/dataflow/writer_unary_interleaved_start_id.cpp'; 'ttnn/cpp/ttnn/operations/eltwise/unary/device/kernels/dataflow/reader_unary_interleaved_start_id.cpp'],['writer_unary_interleaved_start_id/4894176828902453217/'; 'reader_unary_interleaved_start_id/1030765248970988015/'],6951186318373350250,False,1160,1076,1128,828,1180,0,0,0,0,1,1,1,[],[],0.054,,,,,
UnaryDeviceOperation,tt_dnn_device,4096,0,,{'bfp8_pack_precise': 'false'; 'fp32_dest_acc_en': 'false'; 'op_chain': '{BasicUnaryWithParam<float; int; unsigned int>(base=BasicUnaryWithParam<float>(op_type=UnaryOpType::EXP;param={0}))}'; 'output_dtype': 'DataType::BFLOAT16'; 'output_memory_config': 'MemoryConfig(memory_layout=TensorMemoryLayout::INTERLEAVED;buffer_type=BufferType::DRAM;shard_spec=std::nullopt;nd_shard_spec=std::nullopt;created_with_nd_shard_spec=0)'; 'preserve_fp32_precision': 'false'; 'sub_core_grids': 'std::nullopt'},HiFi4,1,,,2055502977,2055503718,741,4380259984361,4380259987547,11881,11894,2360,1856,1843,1856,1856,1856,56,1799,558,644,1472,229,,424,25,,21,1409,,,367,204,,,,,,1[1],1[1],32[32],32[32],TILE,BFLOAT16,DEV_1_DRAM_INTERLEAVED,,,,,,,,,,,,,,,,,,,,,,1[1],1[1],32[32],32[32],TILE,BFLOAT16,DEV_1_DRAM_INTERLEAVED,,,['ttnn/cpp/ttnn/operations/eltwise/unary/device/kernels/compute//eltwise_sfpu.cpp'],['eltwise_sfpu/10029552010278408165/'],['ttnn/cpp/ttnn/operations/eltwise/unary/device/kernels/dataflow/writer_unary_interleaved_start_id.cpp'; 'ttnn/cpp/ttnn/operations/eltwise/unary/device/kernels/dataflow/reader_unary_interleaved_start_id.cpp'],['writer_unary_interleaved_start_id/4894176828902453217/'; 'reader_unary_interleaved_start_id/1030765248970988015/'],6951186318373350250,False,1160,1076,1128,828,1180,0,0,0,0,1,1,1,[],[],0.054,,,,,
GenericOpDeviceOperation,tt_dnn_device,5120,0,,{'num_mesh_programs': '1'},HiFi4,4,,,2072300367,2072365892,65525,4380282663959,4380282668638,16798476,16798484,3466,2317,2310,2013,2310,2172,156,1588,2296,1881,1093,1805,,4702,163,191,193,,1500,1364,1494,239,883,2097,2492,,,1[1],1[1],64[64],64[64],TILE,BFLOAT16,DEV_1_DRAM_INTERLEAVED,1[1],1[1],64[64],64[64],TILE,BFLOAT16,DEV_1_DRAM_INTERLEAVED,1[1],1[1],64[64],64[64],TILE,BFLOAT16,DEV_1_DRAM_INTERLEAVED,1[1],1[1],64[64],64[64],TILE,BFLOAT16,DEV_1_DRAM_INTERLEAVED,1[1],1[1],64[64],64[64],TILE,BFLOAT16,DEV_1_DRAM_INTERLEAVED,,,['/home/ttuser/tt-metal-k10/ttnn/cpp/ttnn/operations/experimental/minimal_matmul/device/kernels/compute.cpp'],['compute/14403391176390457390/'],['/home/ttuser/tt-metal-k10/ttnn/cpp/ttnn/operations/experimental/minimal_matmul/device/kernels/dm_in1_sender_out.cpp'; '/home/ttuser/tt-metal-k10/ttnn/cpp/ttnn/operations/experimental/minimal_matmul/device/kernels/dm_in0_sender.cpp'],['dm_in1_sender_out/15093191219547253464/'; 'dm_in0_sender/16189737816367392584/'],1805221077978933811,False,1896,2316,2424,1944,2244,0,0,0,0,1,1,1,[],[],0.043,,,,,
GenericOpDeviceOperation,tt_dnn_device,6144,0,,{'num_mesh_programs': '1'},HiFi4,4,,,2078106027,2078109373,3346,4380290496156,4380290500821,5799333,5799337,3456,2286,2282,1979,2282,2158,136,1574,2282,1830,1090,1764,,4604,156,191,205,,1462,1346,1472,246,884,2104,2491,,,1[1],1[1],64[64],64[64],TILE,BFLOAT16,DEV_1_DRAM_INTERLEAVED,1[1],1[1],64[64],64[64],TILE,BFLOAT16,DEV_1_DRAM_INTERLEAVED,1[1],1[1],64[64],64[64],TILE,BFLOAT16,DEV_1_DRAM_INTERLEAVED,1[1],1[1],64[64],64[64],TILE,BFLOAT16,DEV_1_DRAM_INTERLEAVED,1[1],1[1],64[64],64[64],TILE,BFLOAT16,DEV_1_DRAM_INTERLEAVED,,,['/home/ttuser/tt-metal-k10/ttnn/cpp/ttnn/operations/experimental/minimal_matmul/device/kernels/compute.cpp'],['compute/14403391176390457390/'],['/home/ttuser/tt-metal-k10/ttnn/cpp/ttnn/operations/experimental/minimal_matmul/device/kernels/dm_in1_sender_out.cpp'; '/home/ttuser/tt-metal-k10/ttnn/cpp/ttnn/operations/experimental/minimal_matmul/device/kernels/dm_in0_sender.cpp'],['dm_in1_sender_out/15093191219547253464/'; 'dm_in0_sender/16189737816367392584/'],1805221077978933811,False,1896,2316,2424,1944,2244,0,0,0,0,1,1,1,[],[],0.044,,,,,
GenericOpDeviceOperation,tt_dnn_device,7168,0,,{'num_mesh_programs': '1'},HiFi4,4,,,2083692600,2083695706,3106,4380298038459,4380298043329,5584601,5584607,3607,2433,2427,2105,2427,2253,144,1555,2427,1984,1224,1897,,4644,163,199,216,,1447,1332,1461,250,878,2090,2641,,,1[1],1[1],64[64],64[64],TILE,BFLOAT16,DEV_1_DRAM_INTERLEAVED,1[1],1[1],64[64],64[64],TILE,BFLOAT16,DEV_1_DRAM_INTERLEAVED,1[1],1[1],64[64],64[64],TILE,BFLOAT16,DEV_1_DRAM_INTERLEAVED,1[1],1[1],64[64],64[64],TILE,BFLOAT16,DEV_1_DRAM_INTERLEAVED,1[1],1[1],64[64],64[64],TILE,BFLOAT16,DEV_1_DRAM_INTERLEAVED,,,['/home/ttuser/tt-metal-k10/ttnn/cpp/ttnn/operations/experimental/minimal_matmul/device/kernels/compute.cpp'],['compute/14403391176390457390/'],['/home/ttuser/tt-metal-k10/ttnn/cpp/ttnn/operations/experimental/minimal_matmul/device/kernels/dm_in1_sender_out.cpp'; '/home/ttuser/tt-metal-k10/ttnn/cpp/ttnn/operations/experimental/minimal_matmul/device/kernels/dm_in0_sender.cpp'],['dm_in1_sender_out/15093191219547253464/'; 'dm_in0_sender/16189737816367392584/'],1805221077978933811,False,1896,2316,2424,1944,2244,0,0,0,0,1,1,1,[],[],0.041,,,,,
GenericOpDeviceOperation,tt_dnn_device,8192,0,,{'num_mesh_programs': '1'},HiFi4,4,,,2089254876,2089257281,2405,4380305548484,4380305553240,5560538,5560547,3523,2367,2359,2059,2361,2189,139,1551,2359,1927,1099,1847,,4744,159,198,197,,1478,1324,1532,243,883,2082,2547,,,1[1],1[1],64[64],64[64],TILE,BFLOAT16,DEV_1_DRAM_INTERLEAVED,1[1],1[1],64[64],64[64],TILE,BFLOAT16,DEV_1_DRAM_INTERLEAVED,1[1],1[1],64[64],64[64],TILE,BFLOAT16,DEV_1_DRAM_INTERLEAVED,1[1],1[1],64[64],64[64],TILE,BFLOAT16,DEV_1_DRAM_INTERLEAVED,1[1],1[1],64[64],64[64],TILE,BFLOAT16,DEV_1_DRAM_INTERLEAVED,,,['/home/ttuser/tt-metal-k10/ttnn/cpp/ttnn/operations/experimental/minimal_matmul/device/kernels/compute.cpp'],['compute/14403391176390457390/'],['/home/ttuser/tt-metal-k10/ttnn/cpp/ttnn/operations/experimental/minimal_matmul/device/kernels/dm_in1_sender_out.cpp'; '/home/ttuser/tt-metal-k10/ttnn/cpp/ttnn/operations/experimental/minimal_matmul/device/kernels/dm_in0_sender.cpp'],['dm_in1_sender_out/15093191219547253464/'; 'dm_in0_sender/16189737816367392584/'],1805221077978933811,False,1896,2316,2424,1944,2244,0,0,0,0,1,1,1,[],[],0.042,,,,,
UnaryDeviceOperation,tt_dnn_device,9216,0,,{'bfp8_pack_precise': 'false'; 'fp32_dest_acc_en': 'false'; 'op_chain': '{BasicUnaryWithParam<float; int; unsigned int>(base=BasicUnaryWithParam<float>(op_type=UnaryOpType::EXP;param={0}))}'; 'output_dtype': 'DataType::BFLOAT16'; 'output_memory_config': 'MemoryConfig(memory_layout=TensorMemoryLayout::INTERLEAVED;buffer_type=BufferType::DRAM;shard_spec=std::nullopt;nd_shard_spec=std::nullopt;created_with_nd_shard_spec=0)'; 'preserve_fp32_precision': 'false'; 'sub_core_grids': 'std::nullopt'},HiFi4,1,,,2114864514,2114867610,3096,4380340118184,4380340121361,25604136,25604190,2353,1893,1839,1893,1893,1893,94,1799,556,650,1510,224,,438,18,,25,1407,,,365,204,,,,,,1[1],1[1],32[32],32[32],TILE,BFLOAT16,DEV_1_DRAM_INTERLEAVED,,,,,,,,,,,,,,,,,,,,,,1[1],1[1],32[32],32[32],TILE,BFLOAT16,DEV_1_DRAM_INTERLEAVED,,,['ttnn/cpp/ttnn/operations/eltwise/unary/device/kernels/compute//eltwise_sfpu.cpp'],['eltwise_sfpu/10029552010278408165/'],['ttnn/cpp/ttnn/operations/eltwise/unary/device/kernels/dataflow/writer_unary_interleaved_start_id.cpp'; 'ttnn/cpp/ttnn/operations/eltwise/unary/device/kernels/dataflow/reader_unary_interleaved_start_id.cpp'],['writer_unary_interleaved_start_id/4894176828902453217/'; 'reader_unary_interleaved_start_id/1030765248970988015/'],6951186318373350250,False,1160,1076,1128,828,1180,0,0,0,0,1,1,1,[],[],0.053,,,,,
UnaryDeviceOperation,tt_dnn_device,10240,0,,{'bfp8_pack_precise': 'false'; 'fp32_dest_acc_en': 'false'; 'op_chain': '{BasicUnaryWithParam<float; int; unsigned int>(base=BasicUnaryWithParam<float>(op_type=UnaryOpType::EXP;param={0}))}'; 'output_dtype': 'DataType::BFLOAT16'; 'output_memory_config': 'MemoryConfig(memory_layout=TensorMemoryLayout::INTERLEAVED;buffer_type=BufferType::DRAM;shard_spec=std::nullopt;nd_shard_spec=std::nullopt;created_with_nd_shard_spec=0)'; 'preserve_fp32_precision': 'false'; 'sub_core_grids': 'std::nullopt'},HiFi4,1,,,2114880525,2114881317,792,4380340144009,4380340147179,17262,17290,2348,1862,1835,1862,1862,1862,59,1803,550,642,1480,227,,424,25,,21,1409,,,367,204,,,,,,1[1],1[1],32[32],32[32],TILE,BFLOAT16,DEV_1_DRAM_INTERLEAVED,,,,,,,,,,,,,,,,,,,,,,1[1],1[1],32[32],32[32],TILE,BFLOAT16,DEV_1_DRAM_INTERLEAVED,,,['ttnn/cpp/ttnn/operations/eltwise/unary/device/kernels/compute//eltwise_sfpu.cpp'],['eltwise_sfpu/10029552010278408165/'],['ttnn/cpp/ttnn/operations/eltwise/unary/device/kernels/dataflow/writer_unary_interleaved_start_id.cpp'; 'ttnn/cpp/ttnn/operations/eltwise/unary/device/kernels/dataflow/reader_unary_interleaved_start_id.cpp'],['writer_unary_interleaved_start_id/4894176828902453217/'; 'reader_unary_interleaved_start_id/1030765248970988015/'],6951186318373350250,False,1160,1076,1128,828,1180,0,0,0,0,1,1,1,[],[],0.054,,,,,
UnaryDeviceOperation,tt_dnn_device,11264,0,,{'bfp8_pack_precise': 'false'; 'fp32_dest_acc_en': 'false'; 'op_chain': '{BasicUnaryWithParam<float; int; unsigned int>(base=BasicUnaryWithParam<float>(op_type=UnaryOpType::EXP;param={0}))}'; 'output_dtype': 'DataType::BFLOAT16'; 'output_memory_config': 'MemoryConfig(memory_layout=TensorMemoryLayout::INTERLEAVED;buffer_type=BufferType::DRAM;shard_spec=std::nullopt;nd_shard_spec=std::nullopt;created_with_nd_shard_spec=0)'; 'preserve_fp32_precision': 'false'; 'sub_core_grids': 'std::nullopt'},HiFi4,1,,,2114888200,2114888600,400,4380340154592,4380340157756,5971,6013,2344,1864,1823,1864,1864,1864,81,1783,544,627,1486,222,,414,19,,21,1395,,,365,204,,,,,,1[1],1[1],32[32],32[32],TILE,BFLOAT16,DEV_1_DRAM_INTERLEAVED,,,,,,,,,,,,,,,,,,,,,,1[1],1[1],32[32],32[32],TILE,BFLOAT16,DEV_1_DRAM_INTERLEAVED,,,['ttnn/cpp/ttnn/operations/eltwise/unary/device/kernels/compute//eltwise_sfpu.cpp'],['eltwise_sfpu/10029552010278408165/'],['ttnn/cpp/ttnn/operations/eltwise/unary/device/kernels/dataflow/writer_unary_interleaved_start_id.cpp'; 'ttnn/cpp/ttnn/operations/eltwise/unary/device/kernels/dataflow/reader_unary_interleaved_start_id.cpp'],['writer_unary_interleaved_start_id/4894176828902453217/'; 'reader_unary_interleaved_start_id/1030765248970988015/'],6951186318373350250,False,1160,1076,1128,828,1180,0,0,0,0,1,1,1,[],[],0.054,,,,,
UnaryDeviceOperation,tt_dnn_device,12288,0,,{'bfp8_pack_precise': 'false'; 'fp32_dest_acc_en': 'false'; 'op_chain': '{BasicUnaryWithParam<float; int; unsigned int>(base=BasicUnaryWithParam<float>(op_type=UnaryOpType::EXP;param={0}))}'; 'output_dtype': 'DataType::BFLOAT16'; 'output_memory_config': 'MemoryConfig(memory_layout=TensorMemoryLayout::INTERLEAVED;buffer_type=BufferType::DRAM;shard_spec=std::nullopt;nd_shard_spec=std::nullopt;created_with_nd_shard_spec=0)'; 'preserve_fp32_precision': 'false'; 'sub_core_grids': 'std::nullopt'},HiFi4,1,,,2152007925,2152013035,5110,4380390253146,4380390256325,37108184,37108210,2355,1867,1842,1867,1867,1867,70,1797,552,636,1480,222,,423,20,,21,1403,,,367,204,,,,,,1[1],1[1],32[32],32[32],TILE,BFLOAT16,DEV_1_DRAM_INTERLEAVED,,,,,,,,,,,,,,,,,,,,,,1[1],1[1],32[32],32[32],TILE,BFLOAT16,DEV_1_DRAM_INTERLEAVED,,,['ttnn/cpp/ttnn/operations/eltwise/unary/device/kernels/compute//eltwise_sfpu.cpp'],['eltwise_sfpu/10029552010278408165/'],['ttnn/cpp/ttnn/operations/eltwise/unary/device/kernels/dataflow/writer_unary_interleaved_start_id.cpp'; 'ttnn/cpp/ttnn/operations/eltwise/unary/device/kernels/dataflow/reader_unary_interleaved_start_id.cpp'],['writer_unary_interleaved_start_id/4894176828902453217/'; 'reader_unary_interleaved_start_id/1030765248970988015/'],6951186318373350250,False,1160,1076,1128,828,1180,0,0,0,0,1,1,1,[],[],0.054,,,,,
UnaryDeviceOperation,tt_dnn_device,13312,0,,{'bfp8_pack_precise': 'false'; 'fp32_dest_acc_en': 'false'; 'op_chain': '{BasicUnaryWithParam<float; int; unsigned int>(base=BasicUnaryWithParam<float>(op_type=UnaryOpType::EXP;param={0}))}'; 'output_dtype': 'DataType::BFLOAT16'; 'output_memory_config': 'MemoryConfig(memory_layout=TensorMemoryLayout::INTERLEAVED;buffer_type=BufferType::DRAM;shard_spec=std::nullopt;nd_shard_spec=std::nullopt;created_with_nd_shard_spec=0)'; 'preserve_fp32_precision': 'false'; 'sub_core_grids': 'std::nullopt'},HiFi4,1,,,2152026891,2152027633,742,4380390292263,4380390295438,27114,27136,2352,1857,1835,1857,1857,1857,71,1786,550,639,1476,225,,423,21,,21,1396,,,367,204,,,,,,1[1],1[1],32[32],32[32],TILE,BFLOAT16,DEV_1_DRAM_INTERLEAVED,,,,,,,,,,,,,,,,,,,,,,1[1],1[1],32[32],32[32],TILE,BFLOAT16,DEV_1_DRAM_INTERLEAVED,,,['ttnn/cpp/ttnn/operations/eltwise/unary/device/kernels/compute//eltwise_sfpu.cpp'],['eltwise_sfpu/10029552010278408165/'],['ttnn/cpp/ttnn/operations/eltwise/unary/device/kernels/dataflow/writer_unary_interleaved_start_id.cpp'; 'ttnn/cpp/ttnn/operations/eltwise/unary/device/kernels/dataflow/reader_unary_interleaved_start_id.cpp'],['writer_unary_interleaved_start_id/4894176828902453217/'; 'reader_unary_interleaved_start_id/1030765248970988015/'],6951186318373350250,False,1160,1076,1128,828,1180,0,0,0,0,1,1,1,[],[],0.054,,,,,
UnaryDeviceOperation,tt_dnn_device,14336,0,,{'bfp8_pack_precise': 'false'; 'fp32_dest_acc_en': 'false'; 'op_chain': '{BasicUnaryWithParam<float; int; unsigned int>(base=BasicUnaryWithParam<float>(op_type=UnaryOpType::EXP;param={0}))}'; 'output_dtype': 'DataType::BFLOAT16'; 'output_memory_config': 'MemoryConfig(memory_layout=TensorMemoryLayout::INTERLEAVED;buffer_type=BufferType::DRAM;shard_spec=std::nullopt;nd_shard_spec=std::nullopt;created_with_nd_shard_spec=0)'; 'preserve_fp32_precision': 'false'; 'sub_core_grids': 'std::nullopt'},HiFi4,1,,,2152034646,2152035077,431,4380390302942,4380390306092,6044,6084,2333,1850,1809,1850,1850,1850,69,1781,523,607,1466,259,,384,15,,21,1390,,,355,204,,,,,,1[1],1[1],32[32],32[32],TILE,BFLOAT16,DEV_1_DRAM_INTERLEAVED,,,,,,,,,,,,,,,,,,,,,,1[1],1[1],32[32],32[32],TILE,BFLOAT16,DEV_1_DRAM_INTERLEAVED,,,['ttnn/cpp/ttnn/operations/eltwise/unary/device/kernels/compute//eltwise_sfpu.cpp'],['eltwise_sfpu/10029552010278408165/'],['ttnn/cpp/ttnn/operations/eltwise/unary/device/kernels/dataflow/writer_unary_interleaved_start_id.cpp'; 'ttnn/cpp/ttnn/operations/eltwise/unary/device/kernels/dataflow/reader_unary_interleaved_start_id.cpp'],['writer_unary_interleaved_start_id/4894176828902453217/'; 'reader_unary_interleaved_start_id/1030765248970988015/'],6951186318373350250,False,1160,1076,1128,828,1180,0,0,0,0,1,1,1,[],[],0.054,,,,,
GenericOpDeviceOperation,tt_dnn_device,15360,0,,{'num_mesh_programs': '1'},HiFi4,4,,,2176534480,2176538638,4158,4380423369556,4380423374220,24492604,24492610,3455,2287,2281,1984,2281,2165,169,1596,2279,1834,1116,1781,,4570,179,190,193,,1508,1331,1435,241,883,2104,2453,,,1[1],1[1],64[64],64[64],TILE,BFLOAT16,DEV_1_DRAM_INTERLEAVED,1[1],1[1],64[64],64[64],TILE,BFLOAT16,DEV_1_DRAM_INTERLEAVED,1[1],1[1],64[64],64[64],TILE,BFLOAT16,DEV_1_DRAM_INTERLEAVED,1[1],1[1],64[64],64[64],TILE,BFLOAT16,DEV_1_DRAM_INTERLEAVED,1[1],1[1],64[64],64[64],TILE,BFLOAT16,DEV_1_DRAM_INTERLEAVED,,,['/home/ttuser/tt-metal-k10/ttnn/cpp/ttnn/operations/experimental/minimal_matmul/device/kernels/compute.cpp'],['compute/14403391176390457390/'],['/home/ttuser/tt-metal-k10/ttnn/cpp/ttnn/operations/experimental/minimal_matmul/device/kernels/dm_in1_sender_out.cpp'; '/home/ttuser/tt-metal-k10/ttnn/cpp/ttnn/operations/experimental/minimal_matmul/device/kernels/dm_in0_sender.cpp'],['dm_in1_sender_out/15093191219547253464/'; 'dm_in0_sender/16189737816367392584/'],1805221077978933811,False,1896,2316,2424,1944,2244,0,0,0,0,1,1,1,[],[],0.044,,,,,
GenericOpDeviceOperation,tt_dnn_device,16384,0,,{'num_mesh_programs': '1'},HiFi4,4,,,2187512765,2187516011,3246,4380438200548,4380438205266,10983653,10983660,3495,2301,2295,1989,2293,2182,148,1624,2295,1847,1119,1777,,4669,154,204,202,,1519,1338,1476,236,883,2147,2509,,,1[1],1[1],64[64],64[64],TILE,BFLOAT16,DEV_1_DRAM_INTERLEAVED,1[1],1[1],64[64],64[64],TILE,BFLOAT16,DEV_1_DRAM_INTERLEAVED,1[1],1[1],64[64],64[64],TILE,BFLOAT16,DEV_1_DRAM_INTERLEAVED,1[1],1[1],64[64],64[64],TILE,BFLOAT16,DEV_1_DRAM_INTERLEAVED,1[1],1[1],64[64],64[64],TILE,BFLOAT16,DEV_1_DRAM_INTERLEAVED,,,['/home/ttuser/tt-metal-k10/ttnn/cpp/ttnn/operations/experimental/minimal_matmul/device/kernels/compute.cpp'],['compute/14403391176390457390/'],['/home/ttuser/tt-metal-k10/ttnn/cpp/ttnn/operations/experimental/minimal_matmul/device/kernels/dm_in1_sender_out.cpp'; '/home/ttuser/tt-metal-k10/ttnn/cpp/ttnn/operations/experimental/minimal_matmul/device/kernels/dm_in0_sender.cpp'],['dm_in1_sender_out/15093191219547253464/'; 'dm_in0_sender/16189737816367392584/'],1805221077978933811,False,1896,2316,2424,1944,2244,0,0,0,0,1,1,1,[],[],0.043,,,,,
GenericOpDeviceOperation,tt_dnn_device,17408,0,,{'num_mesh_programs': '1'},HiFi4,4,,,2198452065,2198454930,2865,4380452962610,4380452967288,10932530,10932533,3465,2304,2300,1993,2304,2186,133,1582,2300,1855,1129,1788,,4659,150,210,222,,1507,1337,1460,233,883,2125,2519,,,1[1],1[1],64[64],64[64],TILE,BFLOAT16,DEV_1_DRAM_INTERLEAVED,1[1],1[1],64[64],64[64],TILE,BFLOAT16,DEV_1_DRAM_INTERLEAVED,1[1],1[1],64[64],64[64],TILE,BFLOAT16,DEV_1_DRAM_INTERLEAVED,1[1],1[1],64[64],64[64],TILE,BFLOAT16,DEV_1_DRAM_INTERLEAVED,1[1],1[1],64[64],64[64],TILE,BFLOAT16,DEV_1_DRAM_INTERLEAVED,,,['/home/ttuser/tt-metal-k10/ttnn/cpp/ttnn/operations/experimental/minimal_matmul/device/kernels/compute.cpp'],['compute/14403391176390457390/'],['/home/ttuser/tt-metal-k10/ttnn/cpp/ttnn/operations/experimental/minimal_matmul/device/kernels/dm_in1_sender_out.cpp'; '/home/ttuser/tt-metal-k10/ttnn/cpp/ttnn/operations/experimental/minimal_matmul/device/kernels/dm_in0_sender.cpp'],['dm_in1_sender_out/15093191219547253464/'; 'dm_in0_sender/16189737816367392584/'],1805221077978933811,False,1896,2316,2424,1944,2244,0,0,0,0,1,1,1,[],[],0.043,,,,,
GenericOpDeviceOperation,tt_dnn_device,18432,0,,{'num_mesh_programs': '1'},HiFi4,4,,,2209394080,2209397046,2966,4380467735348,4380467740028,10940487,10940488,3467,2288,2287,1985,2287,2161,156,1567,2287,1842,1090,1769,,4532,156,201,214,,1456,1341,1455,231,883,2067,2494,,,1[1],1[1],64[64],64[64],TILE,BFLOAT16,DEV_1_DRAM_INTERLEAVED,1[1],1[1],64[64],64[64],TILE,BFLOAT16,DEV_1_DRAM_INTERLEAVED,1[1],1[1],64[64],64[64],TILE,BFLOAT16,DEV_1_DRAM_INTERLEAVED,1[1],1[1],64[64],64[64],TILE,BFLOAT16,DEV_1_DRAM_INTERLEAVED,1[1],1[1],64[64],64[64],TILE,BFLOAT16,DEV_1_DRAM_INTERLEAVED,,,['/home/ttuser/tt-metal-k10/ttnn/cpp/ttnn/operations/experimental/minimal_matmul/device/kernels/compute.cpp'],['compute/14403391176390457390/'],['/home/ttuser/tt-metal-k10/ttnn/cpp/ttnn/operations/experimental/minimal_matmul/device/kernels/dm_in1_sender_out.cpp'; '/home/ttuser/tt-metal-k10/ttnn/cpp/ttnn/operations/experimental/minimal_matmul/device/kernels/dm_in0_sender.cpp'],['dm_in1_sender_out/15093191219547253464/'; 'dm_in0_sender/16189737816367392584/'],1805221077978933811,False,1896,2316,2424,1944,2244,0,0,0,0,1,1,1,[],[],0.044,,,,,
UnaryDeviceOperation,tt_dnn_device,19456,0,,{'bfp8_pack_precise': 'false'; 'fp32_dest_acc_en': 'false'; 'op_chain': '{BasicUnaryWithParam<float; int; unsigned int>(base=BasicUnaryWithParam<float>(op_type=UnaryOpType::EXP;param={0}))}'; 'output_dtype': 'DataType::BFLOAT16'; 'output_memory_config': 'MemoryConfig(memory_layout=TensorMemoryLayout::INTERLEAVED;buffer_type=BufferType::DRAM;shard_spec=std::nullopt;nd_shard_spec=std::nullopt;created_with_nd_shard_spec=0)'; 'preserve_fp32_precision': 'false'; 'sub_core_grids': 'std::nullopt'},HiFi4,1,,,2233753757,2233757464,3707,4380500618214,4380500621385,24354696,24354736,2349,1879,1839,1879,1879,1879,93,1786,547,644,1496,233,,411,13,,21,1386,,,361,194,,,,,,1[1],1[1],32[32],32[32],TILE,BFLOAT16,DEV_1_DRAM_INTERLEAVED,,,,,,,,,,,,,,,,,,,,,,1[1],1[1],32[32],32[32],TILE,BFLOAT16,DEV_1_DRAM_INTERLEAVED,,,['ttnn/cpp/ttnn/operations/eltwise/unary/device/kernels/compute//eltwise_sfpu.cpp'],['eltwise_sfpu/10029552010278408165/'],['ttnn/cpp/ttnn/operations/eltwise/unary/device/kernels/dataflow/writer_unary_interleaved_start_id.cpp'; 'ttnn/cpp/ttnn/operations/eltwise/unary/device/kernels/dataflow/reader_unary_interleaved_start_id.cpp'],['writer_unary_interleaved_start_id/4894176828902453217/'; 'reader_unary_interleaved_start_id/1030765248970988015/'],6951186318373350250,False,1160,1076,1128,828,1180,0,0,0,0,1,1,1,[],[],0.053,,,,,
UnaryDeviceOperation,tt_dnn_device,20480,0,,{'bfp8_pack_precise': 'false'; 'fp32_dest_acc_en': 'false'; 'op_chain': '{BasicUnaryWithParam<float; int; unsigned int>(base=BasicUnaryWithParam<float>(op_type=UnaryOpType::EXP;param={0}))}'; 'output_dtype': 'DataType::BFLOAT16'; 'output_memory_config': 'MemoryConfig(memory_layout=TensorMemoryLayout::INTERLEAVED;buffer_type=BufferType::DRAM;shard_spec=std::nullopt;nd_shard_spec=std::nullopt;created_with_nd_shard_spec=0)'; 'preserve_fp32_precision': 'false'; 'sub_core_grids': 'std::nullopt'},HiFi4,1,,,2233771130,2233771861,731,4380500647317,4380500650484,19704,19741,2346,1860,1824,1860,1860,1860,64,1796,544,673,1477,243,,433,13,,21,1399,,,351,200,,,,,,1[1],1[1],32[32],32[32],TILE,BFLOAT16,DEV_1_DRAM_INTERLEAVED,,,,,,,,,,,,,,,,,,,,,,1[1],1[1],32[32],32[32],TILE,BFLOAT16,DEV_1_DRAM_INTERLEAVED,,,['ttnn/cpp/ttnn/operations/eltwise/unary/device/kernels/compute//eltwise_sfpu.cpp'],['eltwise_sfpu/10029552010278408165/'],['ttnn/cpp/ttnn/operations/eltwise/unary/device/kernels/dataflow/writer_unary_interleaved_start_id.cpp'; 'ttnn/cpp/ttnn/operations/eltwise/unary/device/kernels/dataflow/reader_unary_interleaved_start_id.cpp'],['writer_unary_interleaved_start_id/4894176828902453217/'; 'reader_unary_interleaved_start_id/1030765248970988015/'],6951186318373350250,False,1160,1076,1128,828,1180,0,0,0,0,1,1,1,[],[],0.054,,,,,
UnaryDeviceOperation,tt_dnn_device,21504,0,,{'bfp8_pack_precise': 'false'; 'fp32_dest_acc_en': 'false'; 'op_chain': '{BasicUnaryWithParam<float; int; unsigned int>(base=BasicUnaryWithParam<float>(op_type=UnaryOpType::EXP;param={0}))}'; 'output_dtype': 'DataType::BFLOAT16'; 'output_memory_config': 'MemoryConfig(memory_layout=TensorMemoryLayout::INTERLEAVED;buffer_type=BufferType::DRAM;shard_spec=std::nullopt;nd_shard_spec=std::nullopt;created_with_nd_shard_spec=0)'; 'preserve_fp32_precision': 'false'; 'sub_core_grids': 'std::nullopt'},HiFi4,1,,,2233778374,2233778754,380,4380500657407,4380500660568,5613,5627,2341,1847,1833,1847,1847,1847,67,1780,551,661,1462,253,,424,23,,21,1393,,,367,200,,,,,,1[1],1[1],32[32],32[32],TILE,BFLOAT16,DEV_1_DRAM_INTERLEAVED,,,,,,,,,,,,,,,,,,,,,,1[1],1[1],32[32],32[32],TILE,BFLOAT16,DEV_1_DRAM_INTERLEAVED,,,['ttnn/cpp/ttnn/operations/eltwise/unary/device/kernels/compute//eltwise_sfpu.cpp'],['eltwise_sfpu/10029552010278408165/'],['ttnn/cpp/ttnn/operations/eltwise/unary/device/kernels/dataflow/writer_unary_interleaved_start_id.cpp'; 'ttnn/cpp/ttnn/operations/eltwise/unary/device/kernels/dataflow/reader_unary_interleaved_start_id.cpp'],['writer_unary_interleaved_start_id/4894176828902453217/'; 'reader_unary_interleaved_start_id/1030765248970988015/'],6951186318373350250,False,1160,1076,1128,828,1180,0,0,0,0,1,1,1,[],[],0.054,,,,,
UnaryDeviceOperation,tt_dnn_device,22528,0,,{'bfp8_pack_precise': 'false'; 'fp32_dest_acc_en': 'false'; 'op_chain': '{BasicUnaryWithParam<float; int; unsigned int>(base=BasicUnaryWithParam<float>(op_type=UnaryOpType::EXP;param={0}))}'; 'output_dtype': 'DataType::BFLOAT16'; 'output_memory_config': 'MemoryConfig(memory_layout=TensorMemoryLayout::INTERLEAVED;buffer_type=BufferType::DRAM;shard_spec=std::nullopt;nd_shard_spec=std::nullopt;created_with_nd_shard_spec=0)'; 'preserve_fp32_precision': 'false'; 'sub_core_grids': 'std::nullopt'},HiFi4,1,,,2273771463,2273777294,5831,4380554623819,4380554627129,39973253,39973314,2452,1981,1921,1981,1981,1981,86,1896,639,764,1599,236,,540,15,,24,1507,,,446,204,,,,,,1[1],1[1],32[32],32[32],TILE,BFLOAT16,DEV_1_DRAM_INTERLEAVED,,,,,,,,,,,,,,,,,,,,,,1[1],1[1],32[32],32[32],TILE,BFLOAT16,DEV_1_DRAM_INTERLEAVED,,,['ttnn/cpp/ttnn/operations/eltwise/unary/device/kernels/compute//eltwise_sfpu.cpp'],['eltwise_sfpu/10029552010278408165/'],['ttnn/cpp/ttnn/operations/eltwise/unary/device/kernels/dataflow/writer_unary_interleaved_start_id.cpp'; 'ttnn/cpp/ttnn/operations/eltwise/unary/device/kernels/dataflow/reader_unary_interleaved_start_id.cpp'],['writer_unary_interleaved_start_id/4894176828902453217/'; 'reader_unary_interleaved_start_id/1030765248970988015/'],6951186318373350250,False,1160,1076,1128,828,1180,0,0,0,0,1,1,1,[],[],0.05,,,,,
UnaryDeviceOperation,tt_dnn_device,23552,0,,{'bfp8_pack_precise': 'false'; 'fp32_dest_acc_en': 'false'; 'op_chain': '{BasicUnaryWithParam<float; int; unsigned int>(base=BasicUnaryWithParam<float>(op_type=UnaryOpType::EXP;param={0}))}'; 'output_dtype': 'DataType::BFLOAT16'; 'output_memory_config': 'MemoryConfig(memory_layout=TensorMemoryLayout::INTERLEAVED;buffer_type=BufferType::DRAM;shard_spec=std::nullopt;nd_shard_spec=std::nullopt;created_with_nd_shard_spec=0)'; 'preserve_fp32_precision': 'false'; 'sub_core_grids': 'std::nullopt'},HiFi4,1,,,2273797593,2273798535,942,4380554682026,4380554685168,41155,41181,2327,1843,1816,1843,1843,1843,63,1780,551,639,1461,221,,424,20,,21,1392,,,358,204,,,,,,1[1],1[1],32[32],32[32],TILE,BFLOAT16,DEV_1_DRAM_INTERLEAVED,,,,,,,,,,,,,,,,,,,,,,1[1],1[1],32[32],32[32],TILE,BFLOAT16,DEV_1_DRAM_INTERLEAVED,,,['ttnn/cpp/ttnn/operations/eltwise/unary/device/kernels/compute//eltwise_sfpu.cpp'],['eltwise_sfpu/10029552010278408165/'],['ttnn/cpp/ttnn/operations/eltwise/unary/device/kernels/dataflow/writer_unary_interleaved_start_id.cpp'; 'ttnn/cpp/ttnn/operations/eltwise/unary/device/kernels/dataflow/reader_unary_interleaved_start_id.cpp'],['writer_unary_interleaved_start_id/4894176828902453217/'; 'reader_unary_interleaved_start_id/1030765248970988015/'],6951186318373350250,False,1160,1076,1128,828,1180,0,0,0,0,1,1,1,[],[],0.054,,,,,
UnaryDeviceOperation,tt_dnn_device,24576,0,,{'bfp8_pack_precise': 'false'; 'fp32_dest_acc_en': 'false'; 'op_chain': '{BasicUnaryWithParam<float; int; unsigned int>(base=BasicUnaryWithParam<float>(op_type=UnaryOpType::EXP;param={0}))}'; 'output_dtype': 'DataType::BFLOAT16'; 'output_memory_config': 'MemoryConfig(memory_layout=TensorMemoryLayout::INTERLEAVED;buffer_type=BufferType::DRAM;shard_spec=std::nullopt;nd_shard_spec=std::nullopt;created_with_nd_shard_spec=0)'; 'preserve_fp32_precision': 'false'; 'sub_core_grids': 'std::nullopt'},HiFi4,1,,,2273808674,2273809526,852,4380554698651,4380554701815,10468,10494,2344,1856,1830,1856,1856,1856,56,1800,544,642,1471,247,,429,19,,24,1413,,,358,194,,,,,,1[1],1[1],32[32],32[32],TILE,BFLOAT16,DEV_1_DRAM_INTERLEAVED,,,,,,,,,,,,,,,,,,,,,,1[1],1[1],32[32],32[32],TILE,BFLOAT16,DEV_1_DRAM_INTERLEAVED,,,['ttnn/cpp/ttnn/operations/eltwise/unary/device/kernels/compute//eltwise_sfpu.cpp'],['eltwise_sfpu/10029552010278408165/'],['ttnn/cpp/ttnn/operations/eltwise/unary/device/kernels/dataflow/writer_unary_interleaved_start_id.cpp'; 'ttnn/cpp/ttnn/operations/eltwise/unary/device/kernels/dataflow/reader_unary_interleaved_start_id.cpp'],['writer_unary_interleaved_start_id/4894176828902453217/'; 'reader_unary_interleaved_start_id/1030765248970988015/'],6951186318373350250,False,1160,1076,1128,828,1180,0,0,0,0,1,1,1,[],[],0.054,,,,,
GenericOpDeviceOperation,tt_dnn_device,25600,0,,{'num_mesh_programs': '1'},HiFi2,4,,,2291441837,2291512852,71015,4380578499742,4380578581158,17628637,17628750,60308,59764,59651,59261,59755,59488,193,59601,15015,15131,14850,14813,,42390,2154,102,3208,59073,,3135,45865,938,,,,,,1[1],64[64],64[64],32[32],TILE,BFLOAT16,DEV_1_DRAM_INTERLEAVED,1[1],32[32],64[64],64[64],TILE,BFLOAT16,DEV_1_DRAM_INTERLEAVED,1[1],32[32],64[64],64[64],TILE,BFLOAT16,DEV_1_DRAM_INTERLEAVED,,,,,,,,1[1],32[32],64[64],64[64],TILE,BFLOAT16,DEV_1_DRAM_INTERLEAVED,,,['/home/ttuser/.coworker/wt/c10-burst-census/tt_bio/kernels/reblock_permute/compute_reblock_permute.cpp'],['compute_reblock_permute/11818734307832727385/'],['/home/ttuser/.coworker/wt/c10-burst-census/tt_bio/kernels/reblock_permute/writer_reblock_permute.cpp'; '/home/ttuser/.coworker/wt/c10-burst-census/tt_bio/kernels/reblock_permute/reader_reblock_permute.cpp'],['writer_reblock_permute/11493112377237927567/'; 'reader_reblock_permute/7517285229923016601/'],12947249190126974513,False,1928,1916,1688,900,1828,0,0,0,0,1,1,1,[],[],0.002,,,,,
GenericOpDeviceOperation,tt_dnn_device,26624,0,,{'num_mesh_programs': '1'},HiFi2,4,,,2304048674,2304052741,4067,4380595519321,4380595600294,12547345,12547434,59980,59416,59327,59231,59410,59285,227,59282,14721,14832,14533,14520,,41761,2138,99,3337,58411,,3141,45079,933,,,,,,1[1],64[64],64[64],32[32],TILE,BFLOAT16,DEV_1_DRAM_INTERLEAVED,1[1],32[32],64[64],64[64],TILE,BFLOAT16,DEV_1_DRAM_INTERLEAVED,1[1],32[32],64[64],64[64],TILE,BFLOAT16,DEV_1_DRAM_INTERLEAVED,,,,,,,,1[1],32[32],64[64],64[64],TILE,BFLOAT16,DEV_1_DRAM_INTERLEAVED,,,['/home/ttuser/.coworker/wt/c10-burst-census/tt_bio/kernels/reblock_permute/compute_reblock_permute.cpp'],['compute_reblock_permute/11818734307832727385/'],['/home/ttuser/.coworker/wt/c10-burst-census/tt_bio/kernels/reblock_permute/writer_reblock_permute.cpp'; '/home/ttuser/.coworker/wt/c10-burst-census/tt_bio/kernels/reblock_permute/reader_reblock_permute.cpp'],['writer_reblock_permute/11493112377237927567/'; 'reader_reblock_permute/7517285229923016601/'],12947249190126974513,False,1928,1916,1688,900,1828,0,0,0,0,1,1,1,[],[],0.002,,,,,
GenericOpDeviceOperation,tt_dnn_device,27648,0,,{'num_mesh_programs': '1'},HiFi2,4,,,2315295770,2315299337,3567,4380610696896,4380610777827,11183230,11183314,59949,59387,59303,59039,59380,59176,215,59275,14710,14839,14518,14510,,41376,2154,99,3311,58044,,3136,44728,933,,,,,,1[1],64[64],64[64],32[32],TILE,BFLOAT16,DEV_1_DRAM_INTERLEAVED,1[1],32[32],64[64],64[64],TILE,BFLOAT16,DEV_1_DRAM_INTERLEAVED,1[1],32[32],64[64],64[64],TILE,BFLOAT16,DEV_1_DRAM_INTERLEAVED,,,,,,,,1[1],32[32],64[64],64[64],TILE,BFLOAT16,DEV_1_DRAM_INTERLEAVED,,,['/home/ttuser/.coworker/wt/c10-burst-census/tt_bio/kernels/reblock_permute/compute_reblock_permute.cpp'],['compute_reblock_permute/11818734307832727385/'],['/home/ttuser/.coworker/wt/c10-burst-census/tt_bio/kernels/reblock_permute/writer_reblock_permute.cpp'; '/home/ttuser/.coworker/wt/c10-burst-census/tt_bio/kernels/reblock_permute/reader_reblock_permute.cpp'],['writer_reblock_permute/11493112377237927567/'; 'reader_reblock_permute/7517285229923016601/'],12947249190126974513,False,1928,1916,1688,900,1828,0,0,0,0,1,1,1,[],[],0.002,,,,,
GenericOpDeviceOperation,tt_dnn_device,28672,0,,{'num_mesh_programs': '1'},HiFi2,4,,,2326468254,2326470529,2275,4380625781808,4380625862822,11114639,11114706,60010,59433,59365,59011,59430,59183,188,59350,14735,14832,14527,14527,,41288,2147,99,3313,58053,,3129,44671,933,,,,,,1[1],64[64],64[64],32[32],TILE,BFLOAT16,DEV_1_DRAM_INTERLEAVED,1[1],32[32],64[64],64[64],TILE,BFLOAT16,DEV_1_DRAM_INTERLEAVED,1[1],32[32],64[64],64[64],TILE,BFLOAT16,DEV_1_DRAM_INTERLEAVED,,,,,,,,1[1],32[32],64[64],64[64],TILE,BFLOAT16,DEV_1_DRAM_INTERLEAVED,,,['/home/ttuser/.coworker/wt/c10-burst-census/tt_bio/kernels/reblock_permute/compute_reblock_permute.cpp'],['compute_reblock_permute/11818734307832727385/'],['/home/ttuser/.coworker/wt/c10-burst-census/tt_bio/kernels/reblock_permute/writer_reblock_permute.cpp'; '/home/ttuser/.coworker/wt/c10-burst-census/tt_bio/kernels/reblock_permute/reader_reblock_permute.cpp'],['writer_reblock_permute/11493112377237927567/'; 'reader_reblock_permute/7517285229923016601/'],12947249190126974513,False,1928,1916,1688,900,1828,0,0,0,0,1,1,1,[],[],0.002,,,,,
UnaryDeviceOperation,tt_dnn_device,29696,0,,{'bfp8_pack_precise': 'false'; 'fp32_dest_acc_en': 'false'; 'op_chain': '{BasicUnaryWithParam<float; int; unsigned int>(base=BasicUnaryWithParam<float>(op_type=UnaryOpType::EXP;param={0}))}'; 'output_dtype': 'DataType::BFLOAT16'; 'output_memory_config': 'MemoryConfig(memory_layout=TensorMemoryLayout::INTERLEAVED;buffer_type=BufferType::DRAM;shard_spec=std::nullopt;nd_shard_spec=std::nullopt;created_with_nd_shard_spec=0)'; 'preserve_fp32_precision': 'false'; 'sub_core_grids': 'std::nullopt'},HiFi4,1,,,2350391069,2350394446,3377,4380658080253,4380658083402,23865239,23865276,2333,1864,1827,1864,1864,1864,80,1784,542,636,1481,215,,426,16,,21,1393,,,368,204,,,,,,1[1],1[1],32[32],32[32],TILE,BFLOAT16,DEV_1_DRAM_INTERLEAVED,,,,,,,,,,,,,,,,,,,,,,1[1],1[1],32[32],32[32],TILE,BFLOAT16,DEV_1_DRAM_INTERLEAVED,,,['ttnn/cpp/ttnn/operations/eltwise/unary/device/kernels/compute//eltwise_sfpu.cpp'],['eltwise_sfpu/10029552010278408165/'],['ttnn/cpp/ttnn/operations/eltwise/unary/device/kernels/dataflow/writer_unary_interleaved_start_id.cpp'; 'ttnn/cpp/ttnn/operations/eltwise/unary/device/kernels/dataflow/reader_unary_interleaved_start_id.cpp'],['writer_unary_interleaved_start_id/4894176828902453217/'; 'reader_unary_interleaved_start_id/1030765248970988015/'],6951186318373350250,False,1160,1076,1128,828,1180,0,0,0,0,1,1,1,[],[],0.054,,,,,
UnaryDeviceOperation,tt_dnn_device,30720,0,,{'bfp8_pack_precise': 'false'; 'fp32_dest_acc_en': 'false'; 'op_chain': '{BasicUnaryWithParam<float; int; unsigned int>(base=BasicUnaryWithParam<float>(op_type=UnaryOpType::EXP;param={0}))}'; 'output_dtype': 'DataType::BFLOAT16'; 'output_memory_config': 'MemoryConfig(memory_layout=TensorMemoryLayout::INTERLEAVED;buffer_type=BufferType::DRAM;shard_spec=std::nullopt;nd_shard_spec=std::nullopt;created_with_nd_shard_spec=0)'; 'preserve_fp32_precision': 'false'; 'sub_core_grids': 'std::nullopt'},HiFi4,1,,,2350408412,2350409093,681,4380658107861,4380658111025,18602,18627,2344,1861,1836,1861,1861,1861,54,1807,557,645,1479,234,,431,23,,21,1420,,,379,204,,,,,,1[1],1[1],32[32],32[32],TILE,BFLOAT16,DEV_1_DRAM_INTERLEAVED,,,,,,,,,,,,,,,,,,,,,,1[1],1[1],32[32],32[32],TILE,BFLOAT16,DEV_1_DRAM_INTERLEAVED,,,['ttnn/cpp/ttnn/operations/eltwise/unary/device/kernels/compute//eltwise_sfpu.cpp'],['eltwise_sfpu/10029552010278408165/'],['ttnn/cpp/ttnn/operations/eltwise/unary/device/kernels/dataflow/writer_unary_interleaved_start_id.cpp'; 'ttnn/cpp/ttnn/operations/eltwise/unary/device/kernels/dataflow/reader_unary_interleaved_start_id.cpp'],['writer_unary_interleaved_start_id/4894176828902453217/'; 'reader_unary_interleaved_start_id/1030765248970988015/'],6951186318373350250,False,1160,1076,1128,828,1180,0,0,0,0,1,1,1,[],[],0.054,,,,,
UnaryDeviceOperation,tt_dnn_device,31744,0,,{'bfp8_pack_precise': 'false'; 'fp32_dest_acc_en': 'false'; 'op_chain': '{BasicUnaryWithParam<float; int; unsigned int>(base=BasicUnaryWithParam<float>(op_type=UnaryOpType::EXP;param={0}))}'; 'output_dtype': 'DataType::BFLOAT16'; 'output_memory_config': 'MemoryConfig(memory_layout=TensorMemoryLayout::INTERLEAVED;buffer_type=BufferType::DRAM;shard_spec=std::nullopt;nd_shard_spec=std::nullopt;created_with_nd_shard_spec=0)'; 'preserve_fp32_precision': 'false'; 'sub_core_grids': 'std::nullopt'},HiFi4,1,,,2350416017,2350416397,380,4380658118592,4380658121748,6081,6124,2338,1861,1819,1861,1861,1861,71,1790,539,616,1480,221,,399,19,,21,1404,,,359,198,,,,,,1[1],1[1],32[32],32[32],TILE,BFLOAT16,DEV_1_DRAM_INTERLEAVED,,,,,,,,,,,,,,,,,,,,,,1[1],1[1],32[32],32[32],TILE,BFLOAT16,DEV_1_DRAM_INTERLEAVED,,,['ttnn/cpp/ttnn/operations/eltwise/unary/device/kernels/compute//eltwise_sfpu.cpp'],['eltwise_sfpu/10029552010278408165/'],['ttnn/cpp/ttnn/operations/eltwise/unary/device/kernels/dataflow/writer_unary_interleaved_start_id.cpp'; 'ttnn/cpp/ttnn/operations/eltwise/unary/device/kernels/dataflow/reader_unary_interleaved_start_id.cpp'],['writer_unary_interleaved_start_id/4894176828902453217/'; 'reader_unary_interleaved_start_id/1030765248970988015/'],6951186318373350250,False,1160,1076,1128,828,1180,0,0,0,0,1,1,1,[],[],0.054,,,,,
UnaryDeviceOperation,tt_dnn_device,32768,0,,{'bfp8_pack_precise': 'false'; 'fp32_dest_acc_en': 'false'; 'op_chain': '{BasicUnaryWithParam<float; int; unsigned int>(base=BasicUnaryWithParam<float>(op_type=UnaryOpType::EXP;param={0}))}'; 'output_dtype': 'DataType::BFLOAT16'; 'output_memory_config': 'MemoryConfig(memory_layout=TensorMemoryLayout::INTERLEAVED;buffer_type=BufferType::DRAM;shard_spec=std::nullopt;nd_shard_spec=std::nullopt;created_with_nd_shard_spec=0)'; 'preserve_fp32_precision': 'false'; 'sub_core_grids': 'std::nullopt'},HiFi4,1,,,2396764674,2396771176,6502,4380720672005,4380720675156,46334021,46334029,2334,1836,1828,1836,1836,1836,54,1782,561,631,1447,216,,406,18,,21,1390,,,367,204,,,,,,1[1],1[1],32[32],32[32],TILE,BFLOAT16,DEV_1_DRAM_INTERLEAVED,,,,,,,,,,,,,,,,,,,,,,1[1],1[1],32[32],32[32],TILE,BFLOAT16,DEV_1_DRAM_INTERLEAVED,,,['ttnn/cpp/ttnn/operations/eltwise/unary/device/kernels/compute//eltwise_sfpu.cpp'],['eltwise_sfpu/10029552010278408165/'],['ttnn/cpp/ttnn/operations/eltwise/unary/device/kernels/dataflow/writer_unary_interleaved_start_id.cpp'; 'ttnn/cpp/ttnn/operations/eltwise/unary/device/kernels/dataflow/reader_unary_interleaved_start_id.cpp'],['writer_unary_interleaved_start_id/4894176828902453217/'; 'reader_unary_interleaved_start_id/1030765248970988015/'],6951186318373350250,False,1160,1076,1128,828,1180,0,0,0,0,1,1,1,[],[],0.054,,,,,
UnaryDeviceOperation,tt_dnn_device,33792,0,,{'bfp8_pack_precise': 'false'; 'fp32_dest_acc_en': 'false'; 'op_chain': '{BasicUnaryWithParam<float; int; unsigned int>(base=BasicUnaryWithParam<float>(op_type=UnaryOpType::EXP;param={0}))}'; 'output_dtype': 'DataType::BFLOAT16'; 'output_memory_config': 'MemoryConfig(memory_layout=TensorMemoryLayout::INTERLEAVED;buffer_type=BufferType::DRAM;shard_spec=std::nullopt;nd_shard_spec=std::nullopt;created_with_nd_shard_spec=0)'; 'preserve_fp32_precision': 'false'; 'sub_core_grids': 'std::nullopt'},HiFi4,1,,,2396785854,2396786686,832,4380720717944,4380720721090,32179,32216,2330,1845,1808,1845,1845,1845,73,1772,529,629,1463,222,,415,16,,21,1383,,,349,204,,,,,,1[1],1[1],32[32],32[32],TILE,BFLOAT16,DEV_1_DRAM_INTERLEAVED,,,,,,,,,,,,,,,,,,,,,,1[1],1[1],32[32],32[32],TILE,BFLOAT16,DEV_1_DRAM_INTERLEAVED,,,['ttnn/cpp/ttnn/operations/eltwise/unary/device/kernels/compute//eltwise_sfpu.cpp'],['eltwise_sfpu/10029552010278408165/'],['ttnn/cpp/ttnn/operations/eltwise/unary/device/kernels/dataflow/writer_unary_interleaved_start_id.cpp'; 'ttnn/cpp/ttnn/operations/eltwise/unary/device/kernels/dataflow/reader_unary_interleaved_start_id.cpp'],['writer_unary_interleaved_start_id/4894176828902453217/'; 'reader_unary_interleaved_start_id/1030765248970988015/'],6951186318373350250,False,1160,1076,1128,828,1180,0,0,0,0,1,1,1,[],[],0.054,,,,,
UnaryDeviceOperation,tt_dnn_device,34816,0,,{'bfp8_pack_precise': 'false'; 'fp32_dest_acc_en': 'false'; 'op_chain': '{BasicUnaryWithParam<float; int; unsigned int>(base=BasicUnaryWithParam<float>(op_type=UnaryOpType::EXP;param={0}))}'; 'output_dtype': 'DataType::BFLOAT16'; 'output_memory_config': 'MemoryConfig(memory_layout=TensorMemoryLayout::INTERLEAVED;buffer_type=BufferType::DRAM;shard_spec=std::nullopt;nd_shard_spec=std::nullopt;created_with_nd_shard_spec=0)'; 'preserve_fp32_precision': 'false'; 'sub_core_grids': 'std::nullopt'},HiFi4,1,,,2396793870,2396794431,561,4380720729207,4380720732367,6510,6541,2341,1843,1813,1843,1843,1843,76,1767,531,613,1461,215,,377,16,,21,1370,,,359,204,,,,,,1[1],1[1],32[32],32[32],TILE,BFLOAT16,DEV_1_DRAM_INTERLEAVED,,,,,,,,,,,,,,,,,,,,,,1[1],1[1],32[32],32[32],TILE,BFLOAT16,DEV_1_DRAM_INTERLEAVED,,,['ttnn/cpp/ttnn/operations/eltwise/unary/device/kernels/compute//eltwise_sfpu.cpp'],['eltwise_sfpu/10029552010278408165/'],['ttnn/cpp/ttnn/operations/eltwise/unary/device/kernels/dataflow/writer_unary_interleaved_start_id.cpp'; 'ttnn/cpp/ttnn/operations/eltwise/unary/device/kernels/dataflow/reader_unary_interleaved_start_id.cpp'],['writer_unary_interleaved_start_id/4894176828902453217/'; 'reader_unary_interleaved_start_id/1030765248970988015/'],6951186318373350250,False,1160,1076,1128,828,1180,0,0,0,0,1,1,1,[],[],0.054,,,,,
GenericOpDeviceOperation,tt_dnn_device,35840,0,,{'num_mesh_programs': '1'},HiFi2,4,,,2425809617,2425815007,5390,4380759887443,4380759968490,29004297,29004429,60035,59464,59332,59162,59456,59299,188,59309,14708,14827,14563,14522,,41630,2157,98,3312,58268,,3144,44910,934,,,,,,1[1],64[64],64[64],32[32],TILE,BFLOAT16,DEV_1_DRAM_INTERLEAVED,1[1],32[32],64[64],64[64],TILE,BFLOAT16,DEV_1_DRAM_INTERLEAVED,1[1],32[32],64[64],64[64],TILE,BFLOAT16,DEV_1_DRAM_INTERLEAVED,,,,,,,,1[1],32[32],64[64],64[64],TILE,BFLOAT16,DEV_1_DRAM_INTERLEAVED,,,['/home/ttuser/.coworker/wt/c10-burst-census/tt_bio/kernels/reblock_permute/compute_reblock_permute.cpp'],['compute_reblock_permute/11818734307832727385/'],['/home/ttuser/.coworker/wt/c10-burst-census/tt_bio/kernels/reblock_permute/writer_reblock_permute.cpp'; '/home/ttuser/.coworker/wt/c10-burst-census/tt_bio/kernels/reblock_permute/reader_reblock_permute.cpp'],['writer_reblock_permute/11493112377237927567/'; 'reader_reblock_permute/7517285229923016601/'],12947249190126974513,False,1928,1916,1688,900,1828,0,0,0,0,1,1,1,[],[],0.002,,,,,
GenericOpDeviceOperation,tt_dnn_device,36864,0,,{'num_mesh_programs': '1'},HiFi2,4,,,2440316002,2440319589,3587,4380779474442,4380779555432,14449424,14449541,59993,59450,59333,58782,59442,59097,193,59307,14737,14865,14577,14516,,41070,2171,102,3284,57678,,3130,44393,933,,,,,,1[1],64[64],64[64],32[32],TILE,BFLOAT16,DEV_1_DRAM_INTERLEAVED,1[1],32[32],64[64],64[64],TILE,BFLOAT16,DEV_1_DRAM_INTERLEAVED,1[1],32[32],64[64],64[64],TILE,BFLOAT16,DEV_1_DRAM_INTERLEAVED,,,,,,,,1[1],32[32],64[64],64[64],TILE,BFLOAT16,DEV_1_DRAM_INTERLEAVED,,,['/home/ttuser/.coworker/wt/c10-burst-census/tt_bio/kernels/reblock_permute/compute_reblock_permute.cpp'],['compute_reblock_permute/11818734307832727385/'],['/home/ttuser/.coworker/wt/c10-burst-census/tt_bio/kernels/reblock_permute/writer_reblock_permute.cpp'; '/home/ttuser/.coworker/wt/c10-burst-census/tt_bio/kernels/reblock_permute/reader_reblock_permute.cpp'],['writer_reblock_permute/11493112377237927567/'; 'reader_reblock_permute/7517285229923016601/'],12947249190126974513,False,1928,1916,1688,900,1828,0,0,0,0,1,1,1,[],[],0.002,,,,,
GenericOpDeviceOperation,tt_dnn_device,37888,0,,{'num_mesh_programs': '1'},HiFi2,4,,,2454778124,2454780879,2755,4380798999950,4380799081369,14403907,14403991,60310,59750,59666,59340,59741,59503,202,59650,15073,15166,14831,14818,,42657,2163,101,3303,59327,,3137,45985,933,,,,,,1[1],64[64],64[64],32[32],TILE,BFLOAT16,DEV_1_DRAM_INTERLEAVED,1[1],32[32],64[64],64[64],TILE,BFLOAT16,DEV_1_DRAM_INTERLEAVED,1[1],32[32],64[64],64[64],TILE,BFLOAT16,DEV_1_DRAM_INTERLEAVED,,,,,,,,1[1],32[32],64[64],64[64],TILE,BFLOAT16,DEV_1_DRAM_INTERLEAVED,,,['/home/ttuser/.coworker/wt/c10-burst-census/tt_bio/kernels/reblock_permute/compute_reblock_permute.cpp'],['compute_reblock_permute/11818734307832727385/'],['/home/ttuser/.coworker/wt/c10-burst-census/tt_bio/kernels/reblock_permute/writer_reblock_permute.cpp'; '/home/ttuser/.coworker/wt/c10-burst-census/tt_bio/kernels/reblock_permute/reader_reblock_permute.cpp'],['writer_reblock_permute/11493112377237927567/'; 'reader_reblock_permute/7517285229923016601/'],12947249190126974513,False,1928,1916,1688,900,1828,0,0,0,0,1,1,1,[],[],0.002,,,,,
GenericOpDeviceOperation,tt_dnn_device,38912,0,,{'num_mesh_programs': '1'},HiFi2,4,,,2469246026,2469248501,2475,4380818532065,4380818613351,14408470,14408554,60212,59657,59573,58944,59651,59277,205,59541,14965,15083,14781,14777,,41890,2169,99,3219,58517,,3135,45301,938,,,,,,1[1],64[64],64[64],32[32],TILE,BFLOAT16,DEV_1_DRAM_INTERLEAVED,1[1],32[32],64[64],64[64],TILE,BFLOAT16,DEV_1_DRAM_INTERLEAVED,1[1],32[32],64[64],64[64],TILE,BFLOAT16,DEV_1_DRAM_INTERLEAVED,,,,,,,,1[1],32[32],64[64],64[64],TILE,BFLOAT16,DEV_1_DRAM_INTERLEAVED,,,['/home/ttuser/.coworker/wt/c10-burst-census/tt_bio/kernels/reblock_permute/compute_reblock_permute.cpp'],['compute_reblock_permute/11818734307832727385/'],['/home/ttuser/.coworker/wt/c10-burst-census/tt_bio/kernels/reblock_permute/writer_reblock_permute.cpp'; '/home/ttuser/.coworker/wt/c10-burst-census/tt_bio/kernels/reblock_permute/reader_reblock_permute.cpp'],['writer_reblock_permute/11493112377237927567/'; 'reader_reblock_permute/7517285229923016601/'],12947249190126974513,False,1928,1916,1688,900,1828,0,0,0,0,1,1,1,[],[],0.002,,,,,
UnaryDeviceOperation,tt_dnn_device,39936,0,,{'bfp8_pack_precise': 'false'; 'fp32_dest_acc_en': 'false'; 'op_chain': '{BasicUnaryWithParam<float; int; unsigned int>(base=BasicUnaryWithParam<float>(op_type=UnaryOpType::EXP;param={0}))}'; 'output_dtype': 'DataType::BFLOAT16'; 'output_memory_config': 'MemoryConfig(memory_layout=TensorMemoryLayout::INTERLEAVED;buffer_type=BufferType::DRAM;shard_spec=std::nullopt;nd_shard_spec=std::nullopt;created_with_nd_shard_spec=0)'; 'preserve_fp32_precision': 'false'; 'sub_core_grids': 'std::nullopt'},HiFi4,1,,,2492537258,2492540494,3236,4380849977187,4380849980262,23232986,23232986,2278,1776,1776,1776,1776,1776,60,1716,507,578,1408,212,,365,15,,21,1343,,,358,193,,,,,,1[1],1[1],32[32],32[32],TILE,BFLOAT16,DEV_1_DRAM_INTERLEAVED,,,,,,,,,,,,,,,,,,,,,,1[1],1[1],32[32],32[32],TILE,BFLOAT16,DEV_1_DRAM_INTERLEAVED,,,['ttnn/cpp/ttnn/operations/eltwise/unary/device/kernels/compute//eltwise_sfpu.cpp'],['eltwise_sfpu/10029552010278408165/'],['ttnn/cpp/ttnn/operations/eltwise/unary/device/kernels/dataflow/writer_unary_interleaved_start_id.cpp'; 'ttnn/cpp/ttnn/operations/eltwise/unary/device/kernels/dataflow/reader_unary_interleaved_start_id.cpp'],['writer_unary_interleaved_start_id/4894176828902453217/'; 'reader_unary_interleaved_start_id/1030765248970988015/'],6951186318373350250,False,1160,1076,1128,828,1180,0,0,0,0,1,1,1,[],[],0.056,,,,,
UnaryDeviceOperation,tt_dnn_device,40960,0,,{'bfp8_pack_precise': 'false'; 'fp32_dest_acc_en': 'false'; 'op_chain': '{BasicUnaryWithParam<float; int; unsigned int>(base=BasicUnaryWithParam<float>(op_type=UnaryOpType::EXP;param={0}))}'; 'output_dtype': 'DataType::BFLOAT16'; 'output_memory_config': 'MemoryConfig(memory_layout=TensorMemoryLayout::INTERLEAVED;buffer_type=BufferType::DRAM;shard_spec=std::nullopt;nd_shard_spec=std::nullopt;created_with_nd_shard_spec=0)'; 'preserve_fp32_precision': 'false'; 'sub_core_grids': 'std::nullopt'},HiFi4,1,,,2492555582,2492556314,732,4380850007582,4380850010657,20727,20727,2278,1787,1787,1787,1787,1787,47,1739,507,584,1407,201,,379,15,,21,1359,,,357,206,,,,,,1[1],1[1],32[32],32[32],TILE,BFLOAT16,DEV_1_DRAM_INTERLEAVED,,,,,,,,,,,,,,,,,,,,,,1[1],1[1],32[32],32[32],TILE,BFLOAT16,DEV_1_DRAM_INTERLEAVED,,,['ttnn/cpp/ttnn/operations/eltwise/unary/device/kernels/compute//eltwise_sfpu.cpp'],['eltwise_sfpu/10029552010278408165/'],['ttnn/cpp/ttnn/operations/eltwise/unary/device/kernels/dataflow/writer_unary_interleaved_start_id.cpp'; 'ttnn/cpp/ttnn/operations/eltwise/unary/device/kernels/dataflow/reader_unary_interleaved_start_id.cpp'],['writer_unary_interleaved_start_id/4894176828902453217/'; 'reader_unary_interleaved_start_id/1030765248970988015/'],6951186318373350250,False,1160,1076,1128,828,1180,0,0,0,0,1,1,1,[],[],0.056,,,,,
UnaryDeviceOperation,tt_dnn_device,41984,0,,{'bfp8_pack_precise': 'false'; 'fp32_dest_acc_en': 'false'; 'op_chain': '{BasicUnaryWithParam<float; int; unsigned int>(base=BasicUnaryWithParam<float>(op_type=UnaryOpType::EXP;param={0}))}'; 'output_dtype': 'DataType::BFLOAT16'; 'output_memory_config': 'MemoryConfig(memory_layout=TensorMemoryLayout::INTERLEAVED;buffer_type=BufferType::DRAM;shard_spec=std::nullopt;nd_shard_spec=std::nullopt;created_with_nd_shard_spec=0)'; 'preserve_fp32_precision': 'false'; 'sub_core_grids': 'std::nullopt'},HiFi4,1,,,2492563117,2492563528,411,4380850018233,4380850021419,6076,6132,2360,1896,1840,1896,1896,1896,71,1825,560,686,1507,210,,479,18,,31,1430,,,392,211,,,,,,1[1],1[1],32[32],32[32],TILE,BFLOAT16,DEV_1_DRAM_INTERLEAVED,,,,,,,,,,,,,,,,,,,,,,1[1],1[1],32[32],32[32],TILE,BFLOAT16,DEV_1_DRAM_INTERLEAVED,,,['ttnn/cpp/ttnn/operations/eltwise/unary/device/kernels/compute//eltwise_sfpu.cpp'],['eltwise_sfpu/10029552010278408165/'],['ttnn/cpp/ttnn/operations/eltwise/unary/device/kernels/dataflow/writer_unary_interleaved_start_id.cpp'; 'ttnn/cpp/ttnn/operations/eltwise/unary/device/kernels/dataflow/reader_unary_interleaved_start_id.cpp'],['writer_unary_interleaved_start_id/4894176828902453217/'; 'reader_unary_interleaved_start_id/1030765248970988015/'],6951186318373350250,False,1160,1076,1128,828,1180,0,0,0,0,1,1,1,[],[],0.053,,,,,
