hPDL1.binder_contacts,hPDL1.binder_helicity,hPDL1.binder_pae,hPDL1.compactness,hPDL1.interface_contacts,hPDL1.interface_pae,hPDL1.iptm,hPDL1.iptm_loss,hPDL1.plddt_loss,hPDL1.ptm,phase,round
4.6,-0.83,0.25,4.6,1.5,0.06,0.34,0.03,0.05,0.5,screen,1
4.4,-0.87,0.24,4.5,1.4,0.05,0.46,0.03,0.05,0.53,screen,2
4.0,-0.97,0.21,3.1,1.2,0.05,0.6,0.02,0.04,0.6,screen,3
3.8,-1.1,0.19,1.7,1.1,0.04,0.63,0.02,0.04,0.63,screen,4
3.6,-1.2,0.17,1.7,0.95,0.04,0.7,0.02,0.04,0.67,screen,5
3.4,-1.2,0.17,1.6,0.89,0.04,0.72,0.01,0.04,0.69,screen,6
3.5,-1.2,0.17,1.6,0.89,0.04,0.7,0.01,0.04,0.67,screen,7
3.4,-1.2,0.16,1.5,0.85,0.04,0.72,0.01,0.04,0.68,screen,8
3.4,-1.2,0.16,1.5,0.83,0.04,0.73,0.01,0.04,0.69,screen,9
3.4,-1.2,0.16,1.6,0.79,0.03,0.74,0.01,0.04,0.69,screen,10
3.4,-1.2,0.16,1.6,0.82,0.03,0.73,0.01,0.04,0.7,screen,11
3.3,-1.3,0.15,1.6,0.78,0.03,0.76,0.01,0.03,0.72,screen,12
3.3,-1.3,0.15,1.6,0.79,0.03,0.75,0.01,0.03,0.72,screen,13
3.3,-1.2,0.15,1.5,0.77,0.03,0.74,0.01,0.03,0.71,screen,14
3.1,-1.3,0.14,1.6,0.68,0.03,0.77,0.01,0.03,0.74,screen,15
3.2,-1.3,0.15,1.8,0.7,0.03,0.77,0.01,0.03,0.74,screen,16
3.1,-1.3,0.14,1.6,0.68,0.03,0.78,0.01,0.03,0.75,screen,17
3.1,-1.4,0.14,1.6,0.67,0.03,0.79,0.01,0.03,0.76,screen,18
3.1,-1.3,0.14,1.8,0.64,0.03,0.81,0.01,0.03,0.76,screen,19
3.1,-1.4,0.13,1.6,0.64,0.03,0.8,0.01,0.03,0.77,screen,20
3.1,-1.4,0.13,1.7,0.65,0.03,0.8,0.01,0.03,0.77,screen,21
3.0,-1.4,0.13,1.6,0.61,0.03,0.81,0.01,0.03,0.78,screen,22
3.0,-1.4,0.13,1.6,0.68,0.03,0.81,0.01,0.03,0.78,screen,23
3.0,-1.4,0.13,1.7,0.58,0.03,0.78,0.01,0.02,0.78,screen,24
3.0,-1.4,0.13,1.6,0.61,0.03,0.76,0.01,0.03,0.77,screen,25
3.0,-1.5,0.12,1.7,0.55,0.03,0.79,0.01,0.02,0.78,screen,26
3.0,-1.4,0.13,1.7,0.55,0.03,0.79,0.01,0.03,0.78,screen,27
2.9,-1.5,0.12,1.7,0.56,0.03,0.79,0.01,0.02,0.79,screen,28
2.9,-1.5,0.11,1.6,0.55,0.02,0.79,0.01,0.02,0.79,screen,29
2.8,-1.5,0.11,1.6,0.54,0.02,0.8,0.01,0.02,0.79,screen,30
2.8,-1.5,0.11,1.6,0.52,0.02,0.8,0.01,0.02,0.79,screen,31
2.8,-1.5,0.11,1.6,0.52,0.02,0.8,0.01,0.02,0.8,screen,32
2.9,-1.5,0.12,1.6,0.56,0.03,0.79,0.01,0.02,0.79,screen,33
2.8,-1.5,0.11,1.6,0.52,0.02,0.8,0.01,0.02,0.8,screen,34
2.8,-1.5,0.11,1.6,0.53,0.02,0.8,0.01,0.02,0.79,screen,35
2.8,-1.5,0.11,1.5,0.58,0.02,0.79,0.01,0.02,0.79,screen,36
3.0,-1.3,0.13,1.5,0.62,0.03,0.76,0.01,0.03,0.77,screen,37
2.8,-1.5,0.11,1.5,0.53,0.02,0.8,0.01,0.02,0.79,screen,38
2.8,-1.5,0.11,1.5,0.51,0.02,0.8,0.01,0.02,0.79,screen,39
2.8,-1.5,0.11,1.5,0.55,0.02,0.79,0.01,0.02,0.79,screen,40
2.8,-1.4,0.11,1.5,0.52,0.02,0.81,0.01,0.02,0.79,screen,41
2.9,-1.4,0.11,1.5,0.57,0.03,0.78,0.01,0.03,0.78,screen,42
2.9,-1.5,0.12,1.6,0.53,0.03,0.81,0.01,0.02,0.8,screen,43
2.8,-1.5,0.11,1.6,0.53,0.02,0.81,0.01,0.02,0.8,screen,44
2.9,-1.4,0.12,1.6,0.59,0.03,0.78,0.01,0.03,0.78,screen,45
2.8,-1.4,0.11,1.5,0.55,0.02,0.79,0.01,0.02,0.79,screen,46
3.0,-1.3,0.13,1.5,0.61,0.03,0.78,0.01,0.03,0.78,screen,47
2.9,-1.4,0.12,1.5,0.58,0.03,0.79,0.01,0.03,0.79,screen,48
3.0,-1.3,0.13,1.6,0.71,0.03,0.79,0.01,0.03,0.78,screen,49
3.2,-1.3,0.14,1.5,0.71,0.03,0.78,0.01,0.03,0.76,screen,50
2.9,-1.4,0.12,1.6,0.59,0.03,0.78,0.01,0.02,0.77,refine,1
3.0,-1.4,0.12,1.6,0.58,0.03,0.78,0.01,0.03,0.77,refine,2
3.1,-1.3,0.14,1.5,0.6,0.03,0.77,0.01,0.03,0.75,refine,3
3.0,-1.3,0.13,1.5,0.6,0.03,0.77,0.01,0.03,0.76,refine,4
3.1,-1.3,0.14,1.5,0.61,0.03,0.76,0.01,0.03,0.75,refine,5
3.2,-1.2,0.15,1.5,0.64,0.03,0.75,0.01,0.03,0.73,refine,6
3.2,-1.2,0.14,1.5,0.65,0.03,0.75,0.01,0.03,0.75,refine,7
3.1,-1.3,0.14,1.5,0.66,0.03,0.76,0.01,0.03,0.75,refine,8
3.1,-1.3,0.14,1.6,0.65,0.03,0.76,0.01,0.03,0.75,refine,9
3.0,-1.3,0.14,1.6,0.62,0.03,0.77,0.01,0.03,0.77,refine,10
3.2,-1.2,0.15,1.5,0.71,0.03,0.76,0.01,0.03,0.75,refine,11
3.1,-1.3,0.14,1.5,0.77,0.03,0.77,0.01,0.03,0.76,refine,12
3.1,-1.2,0.14,1.5,0.69,0.03,0.74,0.01,0.03,0.75,refine,13
3.0,-1.4,0.12,1.5,0.76,0.03,0.77,0.01,0.03,0.78,refine,14
3.1,-1.3,0.14,1.5,0.76,0.03,0.77,0.01,0.03,0.77,refine,15
3.2,-1.2,0.14,1.5,0.77,0.03,0.76,0.01,0.03,0.76,refine,16
3.1,-1.3,0.14,1.6,0.78,0.03,0.77,0.01,0.03,0.76,refine,17
3.2,-1.2,0.15,1.5,0.74,0.03,0.72,0.01,0.03,0.74,refine,18
3.4,-1.1,0.16,1.6,0.86,0.03,0.71,0.01,0.04,0.71,refine,19
3.4,-1.1,0.15,1.7,0.85,0.03,0.72,0.01,0.03,0.74,refine,20
3.2,-1.2,0.15,1.6,0.79,0.03,0.73,0.01,0.03,0.75,refine,21
3.4,-1.1,0.16,1.5,0.91,0.04,0.66,0.02,0.04,0.71,refine,22
3.3,-1.2,0.15,1.7,0.83,0.03,0.73,0.01,0.03,0.74,refine,23
3.5,-1.1,0.17,1.6,0.9,0.04,0.69,0.02,0.04,0.7,refine,24
3.6,-1.1,0.17,1.7,0.93,0.04,0.64,0.02,0.04,0.7,refine,25
3.0,-1.4,0.13,1.6,0.63,0.03,0.77,0.01,0.03,0.76,anneal,1
3.0,-1.3,0.13,1.6,0.63,0.03,0.76,0.01,0.03,0.76,anneal,2
3.0,-1.3,0.13,1.6,0.61,0.03,0.77,0.01,0.03,0.75,anneal,3
3.3,-1.2,0.16,1.6,0.68,0.03,0.73,0.01,0.04,0.72,anneal,4
3.1,-1.3,0.14,1.6,0.67,0.03,0.75,0.01,0.03,0.76,anneal,5
3.0,-1.3,0.14,1.6,0.62,0.03,0.77,0.01,0.03,0.76,anneal,6
3.1,-1.3,0.15,1.6,0.67,0.03,0.75,0.01,0.03,0.75,anneal,7
3.2,-1.3,0.14,1.7,0.7,0.03,0.74,0.01,0.03,0.75,anneal,8
3.1,-1.3,0.14,1.6,0.65,0.03,0.75,0.01,0.03,0.76,anneal,9
3.1,-1.3,0.14,1.6,0.67,0.03,0.76,0.01,0.03,0.75,anneal,10
3.3,-1.3,0.15,1.7,0.7,0.03,0.73,0.01,0.03,0.74,anneal,11
3.3,-1.2,0.15,1.6,0.85,0.03,0.73,0.01,0.03,0.73,anneal,12
3.3,-1.2,0.15,1.7,0.85,0.03,0.72,0.01,0.03,0.73,anneal,13
3.3,-1.2,0.16,1.7,0.83,0.03,0.73,0.01,0.03,0.73,anneal,14
3.3,-1.2,0.15,1.6,0.83,0.03,0.74,0.01,0.03,0.73,anneal,15
3.3,-1.3,0.15,1.6,0.82,0.03,0.72,0.01,0.03,0.73,anneal,16
3.5,-1.1,0.17,1.6,0.95,0.04,0.65,0.02,0.04,0.69,anneal,17
3.5,-1.2,0.17,1.9,0.85,0.04,0.71,0.01,0.04,0.71,anneal,18
3.7,-1.1,0.18,2.0,0.9,0.04,0.67,0.02,0.04,0.69,anneal,19
3.5,-1.2,0.17,1.9,0.87,0.04,0.69,0.02,0.04,0.71,anneal,20
3.3,-1.2,0.15,1.6,0.84,0.03,0.71,0.01,0.03,0.73,anneal,21
3.4,-1.2,0.16,1.5,0.91,0.04,0.68,0.02,0.04,0.69,anneal,22
3.5,-1.1,0.16,1.6,0.92,0.04,0.66,0.02,0.04,0.7,anneal,23
3.2,-1.3,0.14,1.6,0.83,0.03,0.71,0.01,0.03,0.73,anneal,24
3.5,-1.1,0.16,1.5,0.91,0.04,0.66,0.02,0.04,0.69,anneal,25
3.4,-1.2,0.16,1.6,0.87,0.03,0.7,0.02,0.04,0.71,anneal,26
3.3,-1.3,0.14,1.6,0.85,0.03,0.71,0.01,0.03,0.73,anneal,27
3.7,-1.0,0.18,1.6,0.96,0.04,0.63,0.02,0.04,0.65,anneal,28
3.4,-1.2,0.16,1.5,0.85,0.03,0.7,0.02,0.04,0.72,anneal,29
3.5,-1.1,0.16,1.6,0.89,0.03,0.67,0.02,0.04,0.7,anneal,30
3.3,-1.2,0.15,1.6,0.84,0.03,0.7,0.02,0.03,0.72,anneal,31
3.3,-1.2,0.14,1.5,0.85,0.03,0.71,0.01,0.03,0.73,anneal,32
3.3,-1.2,0.15,1.6,0.86,0.03,0.69,0.02,0.03,0.71,anneal,33
3.4,-1.2,0.15,1.6,0.9,0.03,0.67,0.02,0.03,0.71,anneal,34
3.3,-1.2,0.14,1.5,0.84,0.03,0.71,0.01,0.03,0.73,anneal,35
3.2,-1.3,0.14,1.7,0.82,0.03,0.72,0.01,0.03,0.73,anneal,36
3.2,-1.3,0.14,1.7,0.83,0.03,0.72,0.01,0.03,0.73,anneal,37
3.3,-1.3,0.14,1.7,0.84,0.03,0.71,0.01,0.03,0.73,anneal,38
3.3,-1.2,0.14,1.7,0.84,0.03,0.7,0.01,0.03,0.72,anneal,39
3.6,-1.2,0.17,1.9,0.85,0.04,0.69,0.02,0.04,0.7,anneal,40
3.5,-1.2,0.16,1.9,0.84,0.03,0.71,0.01,0.03,0.72,anneal,41
3.5,-1.2,0.16,2.0,0.82,0.03,0.72,0.01,0.03,0.72,anneal,42
3.3,-1.2,0.15,1.6,0.84,0.03,0.7,0.01,0.03,0.72,anneal,43
3.3,-1.3,0.14,1.6,0.83,0.03,0.71,0.01,0.03,0.73,anneal,44
3.3,-1.3,0.14,1.6,0.85,0.03,0.7,0.01,0.03,0.73,anneal,45
3.0,-1.4,0.13,1.6,0.64,0.03,0.75,0.01,0.03,0.75,harden,1
3.0,-1.3,0.14,1.6,0.64,0.03,0.75,0.01,0.03,0.74,harden,2
3.1,-1.3,0.14,1.6,0.65,0.03,0.74,0.01,0.03,0.74,harden,3
3.1,-1.3,0.14,1.6,0.65,0.03,0.74,0.01,0.03,0.74,harden,4
3.1,-1.3,0.14,1.6,0.65,0.03,0.74,0.01,0.03,0.74,harden,5
,,,,,,0.11,,,0.59,mutate,1
,,,,,,0.11,,,0.59,mutate,2
,,,,,,0.11,,,0.59,mutate,3
,,,,,,0.11,,,0.59,mutate,4
,,,,,,0.1,,,0.59,mutate,5
,,,,,,0.11,,,0.59,mutate,6
,,,,,,0.11,,,0.59,mutate,7
,,,,,,0.11,,,0.59,mutate,8
,,,,,,0.11,,,0.59,mutate,9
,,,,,,0.11,,,0.59,mutate,10
,,,,,,0.11,,,0.59,mutate,11
,,,,,,0.11,,,0.59,mutate,12
,,,,,,0.1,,,0.59,mutate,13
,,,,,,0.1,,,0.59,mutate,14
,,,,,,0.1,,,0.59,mutate,15
