generator,threshold,N,metric,ranker,median_rank,rank_lo,rank_hi,metric_value,ci_lo,ci_hi
opendde-abag,0.23,5,gap_recovered,iptm,3.0,1.0,6.5,0.2519595148224139,-0.05429629694877137,0.545318169811632
opendde-abag,0.23,5,gap_recovered,ptm,5.0,3.0,8.0,0.2323737377127439,-0.07797077963862599,0.5282259029171165
opendde-abag,0.23,5,gap_recovered,ranking_score,4.0,1.5,7.0,0.250952125596744,-0.0543007950648546,0.5435358181400428
opendde-abag,0.23,5,gap_recovered,complex_plddt,4.0,1.0,8.0,0.27489722293525204,-0.05244000213325618,0.5996438275083336
opendde-abag,0.23,5,gap_recovered,pdockq2,10.0,7.0,10.0,-0.017083989028706396,-0.29271629396283305,0.26078771505131465
opendde-abag,0.23,5,gap_recovered,ipsae,9.0,4.0,10.0,0.019080814251519716,-0.25869874652425157,0.2737794272841638
opendde-abag,0.23,5,gap_recovered,anticonf,7.0,4.0,9.0,0.17390592270030183,-0.12024917482022739,0.4591440808120619
opendde-abag,0.23,5,gap_recovered,pss,3.0,1.0,10.0,0.2984404604299914,0.024068244545126207,0.5565916702011671
opendde-abag,0.23,5,gap_recovered,deeprank_ab,7.0,2.0,10.0,0.1711924569740749,0.011779983378090981,0.33658712151905185
opendde-abag,0.23,5,gap_recovered,abag_rank,2.0,1.0,8.0,0.31220932716798877,0.06391327416554393,0.5246392859788145
opendde-abag,0.23,5,ranked_success,iptm,3.0,1.0,6.5,0.6720227795031055,0.5995023291925465,0.7430458074534161
opendde-abag,0.23,5,ranked_success,ptm,5.0,3.0,8.0,0.6713976055900621,0.5986591614906831,0.7422670807453415
opendde-abag,0.23,5,ranked_success,ranking_score,4.0,1.5,7.0,0.6719922018633541,0.5994712732919255,0.7430434782608696
opendde-abag,0.23,5,ranked_success,complex_plddt,4.0,1.0,8.0,0.6726487391304349,0.5998734472049689,0.7433548136645963
opendde-abag,0.23,5,ranked_success,pdockq2,10.0,7.0,10.0,0.6633518695652174,0.591304347826087,0.7341933229813664
opendde-abag,0.23,5,ranked_success,ipsae,9.0,4.0,10.0,0.6645647732919255,0.5929805900621118,0.7355597826086956
opendde-abag,0.23,5,ranked_success,anticonf,7.0,4.0,9.0,0.6694705062111801,0.5968633540372671,0.7408385093167702
opendde-abag,0.23,5,ranked_success,pss,3.0,1.0,10.0,0.6736674689440993,0.6,0.7449689440993789
opendde-abag,0.23,5,ranked_success,deeprank_ab,7.0,2.0,10.0,0.6693338850931677,0.5978540372670808,0.7404394409937888
opendde-abag,0.23,5,ranked_success,abag_rank,2.0,1.0,8.0,0.6739916428571429,0.6019565217391304,0.744753105590062
opendde-abag,0.23,50,gap_recovered,iptm,4.0,2.5,6.5,0.08985695894334754,-0.11524163568773153,0.34114804737284493
opendde-abag,0.23,50,gap_recovered,ptm,4.0,2.5,6.5,0.08985695894334754,-0.11524163568773153,0.34114804737284493
opendde-abag,0.23,50,gap_recovered,ranking_score,4.0,2.5,6.5,0.08985695894334754,-0.11524163568773153,0.34114804737284493
opendde-abag,0.23,50,gap_recovered,complex_plddt,4.0,2.5,6.5,0.08985695894334754,-0.11524163568773153,0.34114804737284493
opendde-abag,0.23,50,gap_recovered,pdockq2,8.0,1.5,9.0,-0.07559810403082477,-0.4331609993694526,0.23307063079844406
opendde-abag,0.23,50,gap_recovered,ipsae,10.0,9.0,10.0,-0.47908310327317094,-1.0712151600669757,-0.07382035656935923
opendde-abag,0.23,50,gap_recovered,anticonf,6.5,3.5,9.0,0.013148576586251395,-0.16318850496065573,0.2354071860609592
opendde-abag,0.23,50,gap_recovered,pss,7.5,2.0,9.0,0.012642681344428076,-0.1311740111539398,0.20454545454545447
opendde-abag,0.23,50,gap_recovered,deeprank_ab,6.5,1.0,9.5,0.004091868226754578,-0.3652168590773054,0.31812078224640306
opendde-abag,0.23,50,gap_recovered,abag_rank,1.0,1.0,7.5,0.16744924736544986,-0.04712041884816667,0.42481659594753696
opendde-abag,0.23,50,ranked_success,iptm,4.0,2.5,6.5,0.6717372670807453,0.5962732919254659,0.7453416149068323
opendde-abag,0.23,50,ranked_success,ptm,4.0,2.5,6.5,0.6717372670807453,0.5962732919254659,0.7453416149068323
opendde-abag,0.23,50,ranked_success,ranking_score,4.0,2.5,6.5,0.6717372670807453,0.5962732919254659,0.7453416149068323
opendde-abag,0.23,50,ranked_success,complex_plddt,4.0,2.5,6.5,0.6717372670807453,0.5962732919254659,0.7453416149068323
opendde-abag,0.23,50,ranked_success,pdockq2,8.0,1.5,9.0,0.6591037267080746,0.5838509316770186,0.7329192546583851
opendde-abag,0.23,50,ranked_success,ipsae,10.0,9.0,10.0,0.6280024844720498,0.5527950310559007,0.7018633540372671
opendde-abag,0.23,50,ranked_success,anticonf,6.5,3.5,9.0,0.6655279503105589,0.5900621118012422,0.7391304347826086
opendde-abag,0.23,50,ranked_success,pss,7.5,2.0,9.0,0.6654389285714285,0.5900621118012422,0.7388198757763975
opendde-abag,0.23,50,ranked_success,deeprank_ab,6.5,1.0,9.5,0.6655540372670807,0.5900621118012422,0.7391304347826086
opendde-abag,0.23,50,ranked_success,abag_rank,1.0,1.0,7.5,0.6780310559006212,0.6024844720496895,0.7515527950310559
opendde-abag,0.8,5,gap_recovered,iptm,7.0,4.0,10.0,0.028288956098065858,-0.13741325061216203,0.18486499770222123
opendde-abag,0.8,5,gap_recovered,ptm,4.0,1.0,7.0,0.12748713817927593,-0.03097061539297177,0.2734530592575487
opendde-abag,0.8,5,gap_recovered,ranking_score,5.0,2.0,7.0,0.11287691059593877,-0.04872036593495893,0.2624068140234304
opendde-abag,0.8,5,gap_recovered,complex_plddt,1.0,1.0,6.0,0.2066434542281047,0.024927116974615665,0.3885018422844325
opendde-abag,0.8,5,gap_recovered,pdockq2,3.0,1.0,6.0,0.15802051307561873,0.04170727034402879,0.27332602038484405
opendde-abag,0.8,5,gap_recovered,ipsae,10.0,7.0,10.0,-0.13025270468516342,-0.30357670550489674,0.021203292985488953
opendde-abag,0.8,5,gap_recovered,anticonf,2.0,1.0,5.0,0.18370367374776606,0.06623694924574493,0.3028849181360192
opendde-abag,0.8,5,gap_recovered,pss,5.0,1.0,8.0,0.10132429135454858,-0.041649717005059976,0.2482803057234262
opendde-abag,0.8,5,gap_recovered,deeprank_ab,8.0,5.0,10.0,-0.031011646305714322,-0.13376644878300512,0.07047153916845367
opendde-abag,0.8,5,gap_recovered,abag_rank,9.0,6.0,10.0,-0.03832505198019333,-0.14344121337352136,0.07160024527236215
opendde-abag,0.8,5,ranked_success,iptm,7.0,4.0,10.0,0.2729572391304348,0.21077406832298137,0.3379200310559006
opendde-abag,0.8,5,ranked_success,ptm,4.0,1.0,7.0,0.2785800310559006,0.21496583850931678,0.344722049689441
opendde-abag,0.8,5,ranked_success,ranking_score,5.0,2.0,7.0,0.2777296211180124,0.21444021739130434,0.3433850931677018
opendde-abag,0.8,5,ranked_success,complex_plddt,1.0,1.0,6.0,0.2829530279503106,0.21878804347826084,0.34947360248447207
opendde-abag,0.8,5,ranked_success,pdockq2,3.0,1.0,6.0,0.28036998757763976,0.2166770186335404,0.34621428571428564
opendde-abag,0.8,5,ranked_success,ipsae,10.0,7.0,10.0,0.2639872763975155,0.20204736024844722,0.32767158385093165
opendde-abag,0.8,5,ranked_success,anticonf,2.0,1.0,5.0,0.28180326397515526,0.218166149068323,0.34782686335403723
opendde-abag,0.8,5,ranked_success,pss,5.0,1.0,8.0,0.27707246894409937,0.2115807453416149,0.3452189440993789
opendde-abag,0.8,5,ranked_success,deeprank_ab,8.0,5.0,10.0,0.2695872267080745,0.20701785714285714,0.33490760869565217
opendde-abag,0.8,5,ranked_success,abag_rank,9.0,6.0,10.0,0.26913942546583847,0.20499922360248443,0.33577717391304346
opendde-abag,0.8,50,gap_recovered,iptm,8.0,3.0,10.0,-0.09472809379728554,-0.3042849962302088,0.09654144676661368
opendde-abag,0.8,50,gap_recovered,ptm,1.0,1.0,4.5,0.13631961050112587,-0.016471928610715933,0.30748264930638297
opendde-abag,0.8,50,gap_recovered,ranking_score,4.0,1.0,8.0,0.021318350804521352,-0.15585222533887563,0.20046448923301108
opendde-abag,0.8,50,gap_recovered,complex_plddt,4.0,2.0,7.5,0.02258454380802149,-0.10336755379892901,0.15902210556328944
opendde-abag,0.8,50,gap_recovered,pdockq2,5.5,1.0,9.0,-0.020087624513616332,-0.23290335968470266,0.17598727298552563
opendde-abag,0.8,50,gap_recovered,ipsae,10.0,4.0,10.0,-0.1995645918332747,-0.4746123900737822,0.02543548070794762
opendde-abag,0.8,50,gap_recovered,anticonf,7.0,2.5,10.0,-0.058224983727881305,-0.27054812739175227,0.14059969846694534
opendde-abag,0.8,50,gap_recovered,pss,4.0,1.0,8.0,0.023159181421339287,-0.08992122625902259,0.14439175327077647
opendde-abag,0.8,50,gap_recovered,deeprank_ab,4.0,1.0,9.0,0.020596406928644728,-0.1677417399684827,0.20430695451357997
opendde-abag,0.8,50,gap_recovered,abag_rank,8.5,4.0,10.0,-0.13206124837471392,-0.28479872337150985,0.00528585791097719
opendde-abag,0.8,50,ranked_success,iptm,8.0,3.0,10.0,0.25538322981366457,0.19254658385093168,0.32298136645962733
opendde-abag,0.8,50,ranked_success,ptm,1.0,1.0,4.5,0.2928111801242236,0.2236024844720497,0.36645962732919257
opendde-abag,0.8,50,ranked_success,ranking_score,4.0,1.0,8.0,0.27416708074534163,0.20496894409937888,0.3416149068322981
opendde-abag,0.8,50,ranked_success,complex_plddt,4.0,2.0,7.5,0.2740639751552795,0.20496894409937888,0.3416149068322981
opendde-abag,0.8,50,ranked_success,pdockq2,5.5,1.0,9.0,0.2675968944099379,0.19875776397515527,0.33540372670807456
opendde-abag,0.8,50,ranked_success,ipsae,10.0,4.0,10.0,0.2388575341614907,0.17515527950310558,0.303416149068323
opendde-abag,0.8,50,ranked_success,anticonf,7.0,2.5,10.0,0.26140372670807455,0.19254658385093168,0.32919254658385094
opendde-abag,0.8,50,ranked_success,pss,4.0,1.0,8.0,0.27409316770186337,0.20496894409937888,0.3416149068322981
opendde-abag,0.8,50,ranked_success,deeprank_ab,4.0,1.0,9.0,0.27413105590062115,0.20496894409937888,0.34782608695652173
opendde-abag,0.8,50,ranked_success,abag_rank,8.5,4.0,10.0,0.2489944099378882,0.18633540372670807,0.3167701863354037
protenix-v2,0.23,5,gap_recovered,iptm,2.0,1.0,4.0,0.35233959357758704,0.17552682737677067,0.5224444164614521
protenix-v2,0.23,5,gap_recovered,ptm,7.0,6.0,8.0,0.20690172900815396,0.0464771123802716,0.36938379138237015
protenix-v2,0.23,5,gap_recovered,ranking_score,3.0,2.0,5.0,0.3475512352948216,0.17129603974650473,0.5186989889566943
protenix-v2,0.23,5,gap_recovered,complex_plddt,10.0,10.0,10.0,-0.3175509326896293,-0.4709711039364993,-0.15297748986010848
protenix-v2,0.23,5,gap_recovered,pdockq2,3.0,1.0,5.0,0.34535354728413703,0.20208355340706052,0.48256304826620733
protenix-v2,0.23,5,gap_recovered,ipsae,8.0,6.0,9.0,0.16038922676144435,0.009228142332174942,0.31382755958596287
protenix-v2,0.23,5,gap_recovered,anticonf,6.0,4.0,6.0,0.27071859765020323,0.10785047660138045,0.43161335900290265
protenix-v2,0.23,5,gap_recovered,pss,5.0,1.0,8.0,0.2834711495214285,0.11697024602823944,0.4473027154771718
protenix-v2,0.23,5,gap_recovered,deeprank_ab,1.0,1.0,6.0,0.38725382686581966,0.2483143305544155,0.5194190555564439
protenix-v2,0.23,5,gap_recovered,abag_rank,9.0,8.0,9.0,0.02764562093100024,-0.12125829841032473,0.1783304787538679
protenix-v2,0.23,5,ranked_success,iptm,2.0,1.0,4.0,0.4528550186335404,0.3800232919254658,0.5268330745341614
protenix-v2,0.23,5,ranked_success,ptm,7.0,6.0,8.0,0.4368277888198758,0.3655271739130435,0.5100326086956521
protenix-v2,0.23,5,ranked_success,ranking_score,3.0,2.0,5.0,0.4523274068322981,0.37916071428571435,0.526432453416149
protenix-v2,0.23,5,ranked_success,complex_plddt,10.0,10.0,10.0,0.3789730745341615,0.31108540372670807,0.4487018633540371
protenix-v2,0.23,5,ranked_success,pdockq2,3.0,1.0,5.0,0.45210798136645974,0.3813354037267081,0.5246288819875776
protenix-v2,0.23,5,ranked_success,ipsae,8.0,6.0,9.0,0.43171813664596276,0.36139518633540374,0.5034472049689441
protenix-v2,0.23,5,ranked_success,anticonf,6.0,4.0,6.0,0.4438830807453416,0.3715209627329193,0.5177034161490683
protenix-v2,0.23,5,ranked_success,pss,5.0,1.0,8.0,0.4452518291925466,0.372235248447205,0.519597049689441
protenix-v2,0.23,5,ranked_success,deeprank_ab,1.0,1.0,6.0,0.4566196614906832,0.38642701863354034,0.527641304347826
protenix-v2,0.23,5,ranked_success,abag_rank,9.0,8.0,9.0,0.4169510993788819,0.3466436335403727,0.48838509316770184
protenix-v2,0.23,50,gap_recovered,iptm,3.5,2.5,5.5,0.15062570343844728,0.014519623182066529,0.30192093897303834
protenix-v2,0.23,50,gap_recovered,ptm,6.0,4.0,7.0,0.0737755929340189,-0.047591254400592906,0.2061510477003434
protenix-v2,0.23,50,gap_recovered,ranking_score,3.5,2.5,5.5,0.15062570343844728,0.014519623182066529,0.30192093897303834
protenix-v2,0.23,50,gap_recovered,complex_plddt,10.0,9.0,10.0,-0.3438368639453668,-0.5217783610179989,-0.19016655531646873
protenix-v2,0.23,50,gap_recovered,pdockq2,2.0,1.0,6.5,0.17625478074069306,0.016561275438977847,0.33484170764906934
protenix-v2,0.23,50,gap_recovered,ipsae,8.0,8.0,9.0,-0.1546523595766078,-0.3044787751774646,-0.014515835968552573
protenix-v2,0.23,50,gap_recovered,anticonf,5.0,3.0,7.0,0.09877603607715592,-0.035974204576936133,0.23837210404011633
protenix-v2,0.23,50,gap_recovered,pss,6.0,2.0,7.0,0.08519260932393573,-0.03721574447205536,0.21768644543809168
protenix-v2,0.23,50,gap_recovered,deeprank_ab,1.0,1.0,2.0,0.3063997924767377,0.15325784025400094,0.46871330109174086
protenix-v2,0.23,50,gap_recovered,abag_rank,9.0,8.0,10.0,-0.15952454091350568,-0.31819076988119704,-0.011310164243479281
protenix-v2,0.23,50,ranked_success,iptm,3.5,2.5,5.5,0.44783913043478263,0.37267080745341613,0.5279503105590062
protenix-v2,0.23,50,ranked_success,ptm,6.0,4.0,7.0,0.4292472049689441,0.35403726708074534,0.5093167701863354
protenix-v2,0.23,50,ranked_success,ranking_score,3.5,2.5,5.5,0.44783913043478263,0.37267080745341613,0.5279503105590062
protenix-v2,0.23,50,ranked_success,complex_plddt,10.0,9.0,10.0,0.32947018633540376,0.2608695652173913,0.40372670807453415
protenix-v2,0.23,50,ranked_success,pdockq2,2.0,1.0,6.5,0.45415962732919263,0.37888198757763975,0.5279503105590062
protenix-v2,0.23,50,ranked_success,ipsae,8.0,8.0,9.0,0.3747686024844721,0.3040054347826087,0.44906909937888195
protenix-v2,0.23,50,ranked_success,anticonf,5.0,3.0,7.0,0.43530372670807455,0.36024844720496896,0.515527950310559
protenix-v2,0.23,50,ranked_success,pss,6.0,2.0,7.0,0.4319796335403727,0.3570155279503106,0.5082927018633541
protenix-v2,0.23,50,ranked_success,deeprank_ab,1.0,1.0,2.0,0.48549006211180123,0.40993788819875776,0.5652173913043478
protenix-v2,0.23,50,ranked_success,abag_rank,9.0,8.0,10.0,0.373551552795031,0.2981366459627329,0.4472049689440994
protenix-v2,0.8,5,gap_recovered,iptm,8.0,4.0,9.0,-0.08649909451795422,-0.2683490428229237,0.10906922371067486
protenix-v2,0.8,5,gap_recovered,ptm,8.0,3.0,9.0,-0.0826659461481235,-0.266845119107113,0.10896874799117161
protenix-v2,0.8,5,gap_recovered,ranking_score,7.0,3.0,8.0,-0.06905303307042641,-0.25480903229858626,0.12660633840203825
protenix-v2,0.8,5,gap_recovered,complex_plddt,3.0,1.0,9.0,0.08036252425516202,-0.14045873870989012,0.2706013043128457
protenix-v2,0.8,5,gap_recovered,pdockq2,4.0,2.0,8.0,0.041230231502879584,-0.0806704734064952,0.15856780907307075
protenix-v2,0.8,5,gap_recovered,ipsae,2.0,1.0,7.0,0.13030328383813738,-0.010378346634832407,0.27493878372641706
protenix-v2,0.8,5,gap_recovered,anticonf,6.0,3.0,9.0,-0.022211280626402208,-0.15700821556947103,0.12588011714125494
protenix-v2,0.8,5,gap_recovered,pss,1.0,1.0,4.0,0.25028802593510746,0.06349028400597918,0.43819244960998127
protenix-v2,0.8,5,gap_recovered,deeprank_ab,4.0,2.0,7.0,0.035340485515051805,-0.11177125301129796,0.17707971851901425
protenix-v2,0.8,5,gap_recovered,abag_rank,10.0,9.0,10.0,-0.22675373585072867,-0.36272494797674204,-0.0993620791158416
protenix-v2,0.8,5,ranked_success,iptm,8.0,4.0,9.0,0.13373678260869565,0.08822981366459627,0.18428881987577636
protenix-v2,0.8,5,ranked_success,ptm,8.0,3.0,9.0,0.13398233229813666,0.08832142857142856,0.18409937888198757
protenix-v2,0.8,5,ranked_success,ranking_score,7.0,3.0,8.0,0.13459071428571429,0.08894332298136647,0.1852484472049689
protenix-v2,0.8,5,ranked_success,complex_plddt,3.0,1.0,9.0,0.14209902173913044,0.09689440993788821,0.19288819875776397
protenix-v2,0.8,5,ranked_success,pdockq2,4.0,2.0,8.0,0.1400767204968944,0.09559006211180125,0.1898152173913043
protenix-v2,0.8,5,ranked_success,ipsae,2.0,1.0,7.0,0.14442353726708074,0.09729813664596272,0.1973004658385093
protenix-v2,0.8,5,ranked_success,anticonf,6.0,3.0,9.0,0.13699316770186334,0.0923913043478261,0.18646040372670808
protenix-v2,0.8,5,ranked_success,pss,1.0,1.0,4.0,0.15014868633540374,0.10018555900621118,0.20574611801242237
protenix-v2,0.8,5,ranked_success,deeprank_ab,4.0,2.0,7.0,0.13980854658385095,0.09471972049689441,0.190527950310559
protenix-v2,0.8,5,ranked_success,abag_rank,10.0,9.0,10.0,0.12702631987577637,0.08288742236024844,0.1756521739130435
protenix-v2,0.8,50,gap_recovered,iptm,6.0,3.0,8.5,-0.05408437710942883,-0.2759921346910741,0.15104395063298592
protenix-v2,0.8,50,gap_recovered,ptm,6.0,1.0,9.0,-0.053517542289877124,-0.28882145137011667,0.17526023239008706
protenix-v2,0.8,50,gap_recovered,ranking_score,6.0,2.0,9.0,-0.05316334916420597,-0.2899844821457983,0.17378173378173042
protenix-v2,0.8,50,gap_recovered,complex_plddt,6.0,1.5,9.0,-0.05854942826933203,-0.3714447134786119,0.21149588741536332
protenix-v2,0.8,50,gap_recovered,pdockq2,9.0,4.0,10.0,-0.21827993448929228,-0.5559985858588044,0.051316926506757204
protenix-v2,0.8,50,gap_recovered,ipsae,3.0,1.0,6.0,0.10877723628737718,-0.015381177605805887,0.2574913505080753
protenix-v2,0.8,50,gap_recovered,anticonf,7.0,2.5,9.5,-0.10984619494934211,-0.4054868653896231,0.13420320740606784
protenix-v2,0.8,50,gap_recovered,pss,1.0,1.0,4.0,0.1713486506834338,0.046280367097348396,0.33271418238608946
protenix-v2,0.8,50,gap_recovered,deeprank_ab,3.0,1.0,7.5,0.1061551172453756,-0.08173618763774791,0.3147337944561951
protenix-v2,0.8,50,gap_recovered,abag_rank,10.0,8.0,10.0,-0.37697417743073036,-0.6265989009808945,-0.18074004692703616
protenix-v2,0.8,50,ranked_success,iptm,6.0,3.0,8.5,0.13045403726708074,0.08074534161490683,0.18633540372670807
protenix-v2,0.8,50,ranked_success,ptm,6.0,1.0,9.0,0.13068757763975156,0.08074534161490683,0.18633540372670807
protenix-v2,0.8,50,ranked_success,ranking_score,6.0,2.0,9.0,0.130683850931677,0.08074534161490683,0.18633540372670807
protenix-v2,0.8,50,ranked_success,complex_plddt,6.0,1.5,9.0,0.13049565217391304,0.08074534161490683,0.18633540372670807
protenix-v2,0.8,50,ranked_success,pdockq2,9.0,4.0,10.0,0.11191614906832296,0.06832298136645963,0.16149068322981366
protenix-v2,0.8,50,ranked_success,ipsae,3.0,1.0,6.0,0.1492240031055901,0.09822981366459627,0.20584006211180123
protenix-v2,0.8,50,ranked_success,anticonf,7.0,2.5,9.5,0.1243614906832298,0.07453416149068323,0.18012422360248448
protenix-v2,0.8,50,ranked_success,pss,1.0,1.0,4.0,0.1563656645962733,0.10559006211180125,0.21310559006211183
protenix-v2,0.8,50,ranked_success,deeprank_ab,3.0,1.0,7.5,0.1490478260869565,0.09937888198757763,0.20496894409937888
protenix-v2,0.8,50,ranked_success,abag_rank,10.0,8.0,10.0,0.09297701863354037,0.049689440993788817,0.14285714285714285
boltz2,0.23,5,gap_recovered,iptm,8.0,6.0,9.0,-0.006128025006181179,-0.1071571059720732,0.09667744817056982
boltz2,0.23,5,gap_recovered,ptm,10.0,9.0,10.0,-0.05722862873341578,-0.15207816642637487,0.04019821597000173
boltz2,0.23,5,gap_recovered,ranking_score,4.0,3.0,7.0,0.14388230542587183,0.033742920462940265,0.25911941792241344
boltz2,0.23,5,gap_recovered,complex_plddt,2.0,1.0,3.0,0.32590745146298455,0.16789423481870716,0.47788975718268395
boltz2,0.23,5,gap_recovered,pdockq2,5.0,3.0,6.0,0.08252506035689594,-0.05164137850763686,0.22705787471712646
boltz2,0.23,5,gap_recovered,ipsae,9.0,7.0,10.0,-0.011943263208354935,-0.11880649823852664,0.1020715024522003
boltz2,0.23,5,gap_recovered,anticonf,7.0,5.0,8.0,0.042509856292143926,-0.08251670549626268,0.1780029262086523
boltz2,0.23,5,gap_recovered,pss,2.0,1.0,6.0,0.3049779370193334,0.10720246919333243,0.49344098157198985
boltz2,0.23,5,gap_recovered,deeprank_ab,3.0,1.0,4.0,0.2634748672211768,0.13282313244749572,0.4051561361736247
boltz2,0.23,5,gap_recovered,abag_rank,6.0,4.0,9.0,0.06270394513607051,-0.05115751445086729,0.18802806733397895
boltz2,0.23,5,ranked_success,iptm,8.0,6.0,9.0,0.2871259254658385,0.2238796583850932,0.3535403726708074
boltz2,0.23,5,ranked_success,ptm,10.0,9.0,10.0,0.2825912888198758,0.21965760869565215,0.3490077639751553
boltz2,0.23,5,ranked_success,ranking_score,4.0,3.0,7.0,0.30055842857142856,0.2362111801242236,0.36773524844720495
boltz2,0.23,5,ranked_success,complex_plddt,2.0,1.0,3.0,0.31683425776397517,0.25130201863354035,0.3848136645962733
boltz2,0.23,5,ranked_success,pdockq2,5.0,3.0,6.0,0.2950399378881988,0.2304340062111801,0.362082298136646
boltz2,0.23,5,ranked_success,ipsae,9.0,7.0,10.0,0.28657815527950314,0.22248214285714285,0.35335403726708076
boltz2,0.23,5,ranked_success,anticonf,7.0,5.0,8.0,0.2914815527950311,0.22707919254658387,0.3581389751552795
boltz2,0.23,5,ranked_success,pss,2.0,1.0,6.0,0.31503206832298136,0.2482608695652174,0.38540450310559
boltz2,0.23,5,ranked_success,deeprank_ab,3.0,1.0,4.0,0.3111125807453416,0.2456164596273292,0.37801242236024846
boltz2,0.23,5,ranked_success,abag_rank,6.0,4.0,9.0,0.2932640621118012,0.2287562111801242,0.36059239130434784
boltz2,0.23,50,gap_recovered,iptm,8.0,6.0,9.0,-0.058730424973984396,-0.16745852138146625,0.05627782282557882
boltz2,0.23,50,gap_recovered,ptm,10.0,9.0,10.0,-0.17731622857926596,-0.2679760660607428,-0.09303483117705004
boltz2,0.23,50,gap_recovered,ranking_score,6.0,3.0,8.0,0.03003117381633361,-0.09148378646221998,0.16079221215172876
boltz2,0.23,50,gap_recovered,complex_plddt,1.0,1.0,3.5,0.2642378985591005,0.11226574438444539,0.4351135180406451
boltz2,0.23,50,gap_recovered,pdockq2,6.0,3.0,7.5,0.030895874788627885,-0.10447793730085243,0.17494324769866545
boltz2,0.23,50,gap_recovered,ipsae,9.0,8.0,10.0,-0.1473899077128451,-0.23979582614090422,-0.05726872246696048
boltz2,0.23,50,gap_recovered,anticonf,6.0,3.0,8.0,0.030823637155286663,-0.0995594873057873,0.17342296526263892
boltz2,0.23,50,gap_recovered,pss,3.0,1.0,6.0,0.17462696175112524,0.04642076897857136,0.3177153440995682
boltz2,0.23,50,gap_recovered,deeprank_ab,2.0,1.0,5.0,0.2084403099418124,0.06614785992217903,0.36709155246462044
boltz2,0.23,50,gap_recovered,abag_rank,4.0,2.0,8.0,0.08895272917644577,-0.03193417933342611,0.22685499865660808
boltz2,0.23,50,ranked_success,iptm,8.0,6.0,9.0,0.27356583850931676,0.20496894409937888,0.3416149068322981
boltz2,0.23,50,ranked_success,ptm,10.0,9.0,10.0,0.24869006211180125,0.18633540372670807,0.3167701863354037
boltz2,0.23,50,ranked_success,ranking_score,6.0,3.0,8.0,0.2922801242236025,0.2236024844720497,0.36645962732919257
boltz2,0.23,50,ranked_success,complex_plddt,1.0,1.0,3.5,0.34164161490683226,0.2670807453416149,0.4161490683229814
boltz2,0.23,50,ranked_success,pdockq2,6.0,3.0,7.5,0.2924801242236025,0.2236024844720497,0.36645962732919257
boltz2,0.23,50,ranked_success,ipsae,9.0,8.0,10.0,0.25497018633540375,0.18633540372670807,0.32298136645962733
boltz2,0.23,50,ranked_success,anticonf,6.0,3.0,8.0,0.29247639751552795,0.2236024844720497,0.36645962732919257
boltz2,0.23,50,ranked_success,pss,3.0,1.0,6.0,0.3226303633540373,0.2539130434782608,0.3967701863354037
boltz2,0.23,50,ranked_success,deeprank_ab,2.0,1.0,5.0,0.329788198757764,0.2608695652173913,0.40372670807453415
boltz2,0.23,50,ranked_success,abag_rank,4.0,2.0,8.0,0.3045701863354037,0.2360248447204969,0.37888198757763975
boltz2,0.8,5,gap_recovered,iptm,7.0,5.0,9.0,0.1846800796256037,-0.11460336538461596,0.43780275433648086
boltz2,0.8,5,gap_recovered,ptm,8.0,6.0,10.0,0.16835661475014058,-0.1272727272727258,0.42071840311405884
boltz2,0.8,5,gap_recovered,ranking_score,4.0,1.0,6.0,0.3217094558657319,0.04796920005770072,0.5545100056933977
boltz2,0.8,5,gap_recovered,complex_plddt,2.0,1.0,6.0,0.4522696370494755,0.26588391529325467,0.6316674528301904
boltz2,0.8,5,gap_recovered,pdockq2,5.0,1.0,8.0,0.30177447303295474,0.04245021973232651,0.5021851272670046
boltz2,0.8,5,gap_recovered,ipsae,10.0,7.0,10.0,0.06917141615331807,-0.2092204456502395,0.33536895315810755
boltz2,0.8,5,gap_recovered,anticonf,6.0,3.0,7.0,0.253808694522303,-0.02346382966594464,0.4752608534112204
boltz2,0.8,5,gap_recovered,pss,3.0,1.0,9.0,0.42644062344569567,0.16476424952939897,0.6595076216376806
boltz2,0.8,5,gap_recovered,deeprank_ab,1.0,1.0,6.0,0.5082693652741129,0.3559899580179462,0.6506629227500194
boltz2,0.8,5,gap_recovered,abag_rank,9.0,4.0,10.0,0.15021256139471903,-0.07804545095873157,0.4048224200813815
boltz2,0.8,5,ranked_success,iptm,7.0,5.0,9.0,0.11427135403726708,0.07114829192546585,0.16180279503105588
boltz2,0.8,5,ranked_success,ptm,8.0,6.0,10.0,0.11384527950310559,0.07058928571428572,0.16152251552795027
boltz2,0.8,5,ranked_success,ranking_score,4.0,1.0,6.0,0.11767443167701865,0.07369565217391305,0.16627406832298136
boltz2,0.8,5,ranked_success,complex_plddt,2.0,1.0,6.0,0.12085922670807454,0.0760527950310559,0.17043478260869563
boltz2,0.8,5,ranked_success,pdockq2,5.0,1.0,8.0,0.11709791614906831,0.07332298136645962,0.16543478260869565
boltz2,0.8,5,ranked_success,ipsae,10.0,7.0,10.0,0.11139445652173913,0.06922127329192546,0.15838664596273289
boltz2,0.8,5,ranked_success,anticonf,6.0,3.0,7.0,0.1159114347826087,0.07236024844720496,0.16413431677018628
boltz2,0.8,5,ranked_success,pss,3.0,1.0,9.0,0.12015210869565217,0.07462732919254658,0.17021972049689438
boltz2,0.8,5,ranked_success,deeprank_ab,1.0,1.0,6.0,0.12213624844720498,0.07698680124223602,0.172361801242236
boltz2,0.8,5,ranked_success,abag_rank,9.0,4.0,10.0,0.11324210248447204,0.06987499999999999,0.16124223602484472
boltz2,0.8,50,gap_recovered,iptm,8.5,5.5,9.5,-0.38159961117536595,-1.2059500180440277,0.21874999999999972
boltz2,0.8,50,gap_recovered,ptm,9.5,7.0,10.0,-0.5417391796236126,-1.4668517347201722,0.08736447442166093
boltz2,0.8,50,gap_recovered,ranking_score,7.0,3.0,9.0,-0.23099736511989846,-1.078533943430017,0.3730407523510971
boltz2,0.8,50,gap_recovered,complex_plddt,3.0,1.5,7.0,0.28222625665205225,-0.025056947608200392,0.7101762971328187
boltz2,0.8,50,gap_recovered,pdockq2,4.0,1.5,7.0,0.11683025202843489,-0.29199430151866707,0.5633425616728979
boltz2,0.8,50,gap_recovered,ipsae,8.5,3.0,10.0,-0.38607998376222824,-1.2584757007154654,0.26200962470454175
boltz2,0.8,50,gap_recovered,anticonf,6.0,2.5,8.5,-0.04706216705256911,-0.5671075389935649,0.42638623326959785
boltz2,0.8,50,gap_recovered,pss,5.0,2.9875000000000114,9.0,0.07509615409002167,-0.3348197396263991,0.5070749059414686
boltz2,0.8,50,gap_recovered,deeprank_ab,1.5,1.0,6.5,0.4180169440937276,-0.0214569823248635,0.8415245315595775
boltz2,0.8,50,gap_recovered,abag_rank,2.0,1.0,5.0,0.432170866715794,0.09665763324299916,0.8363372244741744
boltz2,0.8,50,ranked_success,iptm,8.5,5.5,9.5,0.09299068322981366,0.049689440993788817,0.14285714285714285
boltz2,0.8,50,ranked_success,ptm,9.5,7.0,10.0,0.08683540372670807,0.043478260869565216,0.13043478260869565
boltz2,0.8,50,ranked_success,ranking_score,7.0,3.0,9.0,0.09916583850931676,0.055900621118012424,0.14906832298136646
boltz2,0.8,50,ranked_success,complex_plddt,3.0,1.5,7.0,0.11818695652173912,0.06832298136645963,0.16770186335403728
boltz2,0.8,50,ranked_success,pdockq2,4.0,1.5,7.0,0.11182360248447205,0.06832298136645963,0.16149068322981366
boltz2,0.8,50,ranked_success,ipsae,8.5,3.0,10.0,0.09304968944099379,0.049689440993788817,0.14285714285714285
boltz2,0.8,50,ranked_success,anticonf,6.0,2.5,8.5,0.10552298136645963,0.062111801242236024,0.15527950310559005
boltz2,0.8,50,ranked_success,pss,5.0,2.9875000000000114,9.0,0.11022440993788821,0.06664596273291926,0.16099378881987578
boltz2,0.8,50,ranked_success,deeprank_ab,1.5,1.0,6.5,0.12433540372670807,0.07453416149068323,0.17391304347826086
boltz2,0.8,50,ranked_success,abag_rank,2.0,1.0,5.0,0.12447391304347825,0.07453416149068323,0.18012422360248448
