variant,generator,threshold,N,line,success,lo,hi
i,opendde-abag,0.23,1,ranked,0.6577329192546583,0.5874114906832298,0.7289231366459625
i,opendde-abag,0.23,2,ranked,0.6609937888198757,0.5891568322981368,0.7319728260869565
i,opendde-abag,0.23,4,ranked,0.6638819875776398,0.5910458074534162,0.7360900621118013
i,opendde-abag,0.23,8,ranked,0.6653416149068322,0.5912546583850932,0.738138198757764
i,opendde-abag,0.23,16,ranked,0.6653726708074534,0.5898975155279502,0.7377538819875776
i,opendde-abag,0.23,32,ranked,0.6658074534161491,0.5908074534161489,0.7386987577639752
i,opendde-abag,0.23,50,ranked,0.6645962732919255,0.5900621118012422,0.7391304347826086
i,opendde-abag,0.23,1,oracle,0.6577329192546583,0.5874114906832298,0.7289231366459625
i,opendde-abag,0.23,2,oracle,0.6692857142857143,0.5969844720496894,0.7398470496894411
i,opendde-abag,0.23,4,oracle,0.6856832298136645,0.6131498447204967,0.7547655279503104
i,opendde-abag,0.23,8,oracle,0.698975155279503,0.6275706521739132,0.7676715838509317
i,opendde-abag,0.23,16,oracle,0.7127018633540372,0.6425690993788821,0.779725155279503
i,opendde-abag,0.23,32,oracle,0.7276086956521738,0.6586226708074534,0.7936475155279502
i,opendde-abag,0.23,50,oracle,0.7391304347826086,0.6708074534161491,0.8074534161490683
i,opendde-abag,0.23,1,random,0.6577329192546583,0.5874114906832298,0.7289231366459625
i,opendde-abag,0.23,2,random,0.6571428571428569,0.5869386645962732,0.7278881987577637
i,opendde-abag,0.23,4,random,0.6569254658385093,0.5862919254658385,0.7273400621118012
i,opendde-abag,0.23,8,random,0.6581987577639752,0.5878486024844721,0.7291017080745341
i,opendde-abag,0.23,16,random,0.6579192546583851,0.5874658385093168,0.7289875776397515
i,opendde-abag,0.23,32,random,0.6570807453416149,0.5865186335403727,0.7283656832298138
i,opendde-abag,0.23,50,random,0.6575155279503103,0.586921583850932,0.7272833850931676
i,opendde-abag,0.8,1,ranked,0.2641304347826087,0.2001133540372671,0.32996195652173926
i,opendde-abag,0.8,2,ranked,0.2690683229813665,0.20373990683229812,0.33584782608695646
i,opendde-abag,0.8,4,ranked,0.2698447204968945,0.20486878881987575,0.3361226708074534
i,opendde-abag,0.8,8,ranked,0.2715527950310559,0.2073975155279503,0.33921273291925463
i,opendde-abag,0.8,16,ranked,0.2714906832298136,0.20856677018633538,0.3401925465838509
i,opendde-abag,0.8,32,ranked,0.27015527950310564,0.20719254658385092,0.340472049689441
i,opendde-abag,0.8,50,ranked,0.2670807453416149,0.19875776397515527,0.3416149068322981
i,opendde-abag,0.8,1,oracle,0.2641304347826087,0.2001133540372671,0.32996195652173926
i,opendde-abag,0.8,2,oracle,0.2908695652173914,0.22471273291925464,0.36192391304347815
i,opendde-abag,0.8,4,oracle,0.31518633540372687,0.2476653726708075,0.3897251552795032
i,opendde-abag,0.8,8,oracle,0.33770186335403735,0.2715458074534162,0.4131055900621117
i,opendde-abag,0.8,16,oracle,0.36857142857142855,0.29967779503105596,0.44714984472049685
i,opendde-abag,0.8,32,oracle,0.40372670807453415,0.3320675465838509,0.4813819875776399
i,opendde-abag,0.8,50,oracle,0.42857142857142855,0.34782608695652173,0.5093167701863354
i,opendde-abag,0.8,1,random,0.2641304347826087,0.2001133540372671,0.32996195652173926
i,opendde-abag,0.8,2,random,0.26447204968944105,0.20035481366459623,0.3309037267080746
i,opendde-abag,0.8,4,random,0.2638198757763974,0.19980434782608691,0.32969720496894395
i,opendde-abag,0.8,8,random,0.26245341614906825,0.19945419254658386,0.3278579192546583
i,opendde-abag,0.8,16,random,0.2628260869565217,0.19846661490683237,0.32835869565217396
i,opendde-abag,0.8,32,random,0.2644099378881987,0.20155900621118017,0.331
i,opendde-abag,0.8,50,random,0.2636645962732919,0.19965450310559013,0.3287577639751552
i,protenix-v2,0.23,1,ranked,0.40599378881987586,0.3400613354037267,0.4753121118012423
i,protenix-v2,0.23,2,ranked,0.4303726708074533,0.3634371118012424,0.5025822981366458
i,protenix-v2,0.23,4,ranked,0.44270186335403733,0.3739728260869566,0.5169239130434782
i,protenix-v2,0.23,8,ranked,0.4460869565217392,0.3762717391304349,0.5222585403726707
i,protenix-v2,0.23,16,ranked,0.44152173913043485,0.3707321428571429,0.516
i,protenix-v2,0.23,32,ranked,0.43987577639751557,0.3686746894409938,0.5198082298136647
i,protenix-v2,0.23,50,ranked,0.4409937888198758,0.36645962732919257,0.5217391304347826
i,protenix-v2,0.23,1,oracle,0.40599378881987586,0.3400613354037267,0.4753121118012423
i,protenix-v2,0.23,2,oracle,0.4565527950310559,0.3914277950310559,0.5261622670807452
i,protenix-v2,0.23,4,oracle,0.5023602484472051,0.434722049689441,0.5715877329192548
i,protenix-v2,0.23,8,oracle,0.5453416149068323,0.4750698757763975,0.6158835403726708
i,protenix-v2,0.23,16,oracle,0.5855279503105589,0.5154316770186335,0.6578913043478261
i,protenix-v2,0.23,32,oracle,0.6226397515527952,0.5500240683229812,0.6979355590062113
i,protenix-v2,0.23,50,oracle,0.6459627329192547,0.5714285714285714,0.7204968944099379
i,protenix-v2,0.23,1,random,0.40599378881987586,0.3400613354037267,0.4753121118012423
i,protenix-v2,0.23,2,random,0.4065217391304348,0.3424790372670808,0.47649223602484475
i,protenix-v2,0.23,4,random,0.4051863354037267,0.34053027950310555,0.4753152173913045
i,protenix-v2,0.23,8,random,0.4077639751552795,0.3424782608695651,0.47723602484472055
i,protenix-v2,0.23,16,random,0.40767080745341616,0.34176086956521734,0.47763664596273275
i,protenix-v2,0.23,32,random,0.40779503105590065,0.34307298136645975,0.4772127329192546
i,protenix-v2,0.23,50,random,0.4048757763975154,0.34043167701863364,0.47517391304347817
i,protenix-v2,0.8,1,ranked,0.13096273291925462,0.08658850931677017,0.18024999999999997
i,protenix-v2,0.8,2,ranked,0.13074534161490683,0.08591381987577641,0.18016692546583846
i,protenix-v2,0.8,4,ranked,0.12968944099378885,0.08555900621118012,0.17913354037267085
i,protenix-v2,0.8,8,ranked,0.12934782608695655,0.08484006211180124,0.17889130434782607
i,protenix-v2,0.8,16,ranked,0.1286645962732919,0.084138198757764,0.1784860248447205
i,protenix-v2,0.8,32,ranked,0.12680124223602485,0.08102251552795031,0.1781141304347826
i,protenix-v2,0.8,50,ranked,0.12422360248447205,0.07453416149068323,0.18012422360248448
i,protenix-v2,0.8,1,oracle,0.13096273291925462,0.08658850931677017,0.18024999999999997
i,protenix-v2,0.8,2,oracle,0.1547204968944099,0.10387577639751554,0.2082321428571428
i,protenix-v2,0.8,4,oracle,0.1736335403726708,0.12161335403726707,0.22950931677018635
i,protenix-v2,0.8,8,oracle,0.19236024844720495,0.13806211180124223,0.2511785714285714
i,protenix-v2,0.8,16,oracle,0.21422360248447206,0.15730667701863357,0.2762313664596273
i,protenix-v2,0.8,32,oracle,0.23540372670807447,0.17411257763975152,0.30276785714285714
i,protenix-v2,0.8,50,oracle,0.2484472049689441,0.18012422360248448,0.31692546583850917
i,protenix-v2,0.8,1,random,0.13096273291925462,0.08658850931677017,0.18024999999999997
i,protenix-v2,0.8,2,random,0.13077639751552791,0.08577173913043477,0.1800054347826087
i,protenix-v2,0.8,4,random,0.13133540372670804,0.0867639751552795,0.1804976708074534
i,protenix-v2,0.8,8,random,0.12972049689440995,0.0854891304347826,0.1785465838509316
i,protenix-v2,0.8,16,random,0.1309316770186335,0.0849611801242236,0.18038276397515526
i,protenix-v2,0.8,32,random,0.12993788819875782,0.08531055900621118,0.17950931677018636
i,protenix-v2,0.8,50,random,0.1304347826086957,0.08615993788819874,0.17979347826086955
i,boltz2,0.23,1,ranked,0.2878260869565218,0.2249681677018634,0.3551979813664595
i,boltz2,0.23,2,ranked,0.2952484472049689,0.23220108695652178,0.3645170807453416
i,boltz2,0.23,4,ranked,0.29860248447204985,0.23486645962732916,0.36925776397515525
i,boltz2,0.23,8,ranked,0.2996273291925466,0.23459316770186342,0.3699479813664596
i,boltz2,0.23,16,ranked,0.29860248447204973,0.23248369565217392,0.37031521739130435
i,boltz2,0.23,32,ranked,0.29732919254658385,0.22824301242236023,0.3701948757763976
i,boltz2,0.23,50,ranked,0.2919254658385093,0.2234472049689441,0.366614906832298
i,boltz2,0.23,1,oracle,0.2878260869565218,0.2249681677018634,0.3551979813664595
i,boltz2,0.23,2,oracle,0.32329192546583846,0.2575256211180125,0.3925846273291926
i,boltz2,0.23,4,oracle,0.3632608695652174,0.2950605590062112,0.43314052795031055
i,boltz2,0.23,8,oracle,0.40310559006211183,0.33458074534161486,0.47639906832298123
i,boltz2,0.23,16,oracle,0.43900621118012406,0.3681180124223602,0.5138843167701863
i,boltz2,0.23,32,oracle,0.4722049689440993,0.3974798136645962,0.5472795031055899
i,boltz2,0.23,50,oracle,0.4968944099378882,0.422360248447205,0.5715838509316769
i,boltz2,0.23,1,random,0.2878260869565218,0.2249681677018634,0.3551979813664595
i,boltz2,0.23,2,random,0.2875465838509316,0.22496816770186334,0.35497204968944107
i,boltz2,0.23,4,random,0.28559006211180127,0.2245147515527951,0.35283307453416146
i,boltz2,0.23,8,random,0.2849378881987578,0.2220776397515528,0.35290372670807457
i,boltz2,0.23,16,random,0.2854968944099379,0.22397127329192543,0.35342701863354037
i,boltz2,0.23,32,random,0.2884472049689441,0.225248447204969,0.3559743788819874
i,boltz2,0.23,50,random,0.2856832298136647,0.2242437888198757,0.35296040372670817
i,boltz2,0.8,1,ranked,0.10888198757763974,0.06881754658385093,0.15556754658385094
i,boltz2,0.8,2,ranked,0.11388198757763973,0.07394254658385092,0.16202018633540372
i,boltz2,0.8,4,ranked,0.11661490683229812,0.07611257763975154,0.16404580745341613
i,boltz2,0.8,8,ranked,0.11642857142857144,0.07447049689440993,0.16438431677018636
i,boltz2,0.8,16,ranked,0.11350931677018633,0.07235015527950309,0.16093944099378885
i,boltz2,0.8,32,ranked,0.10683229813664596,0.06592468944099379,0.15223291925465837
i,boltz2,0.8,50,ranked,0.09937888198757763,0.055900621118012424,0.14906832298136646
i,boltz2,0.8,1,oracle,0.10888198757763974,0.06881754658385093,0.15556754658385094
i,boltz2,0.8,2,oracle,0.1230745341614907,0.08060714285714286,0.17571816770186335
i,boltz2,0.8,4,oracle,0.1325465838509317,0.0867577639751553,0.18829270186335403
i,boltz2,0.8,8,oracle,0.13869565217391303,0.09102406832298138,0.19695807453416148
i,boltz2,0.8,16,oracle,0.14263975155279504,0.09341071428571428,0.20118012422360249
i,boltz2,0.8,32,oracle,0.14745341614906834,0.0977639751552795,0.2041304347826087
i,boltz2,0.8,50,oracle,0.14906832298136646,0.09937888198757763,0.20496894409937888
i,boltz2,0.8,1,random,0.10888198757763974,0.06881754658385093,0.15556754658385094
i,boltz2,0.8,2,random,0.10745341614906831,0.06714285714285714,0.1546607142857143
i,boltz2,0.8,4,random,0.10850931677018633,0.06874999999999999,0.15540372670807456
i,boltz2,0.8,8,random,0.10763975155279502,0.06794953416149067,0.1549145962732919
i,boltz2,0.8,16,random,0.10704968944099379,0.0667080745341615,0.1535093167701863
i,boltz2,0.8,32,random,0.10822981366459627,0.06883307453416149,0.15581133540372671
i,boltz2,0.8,50,random,0.10729813664596273,0.06714052795031054,0.15441304347826082
ii,opendde-abag,0.23,1,ranked,0.6867701863354035,0.6170116459627331,0.75525
ii,opendde-abag,0.23,2,ranked,0.689223602484472,0.6198586956521739,0.7578742236024845
ii,opendde-abag,0.23,4,ranked,0.6913975155279504,0.6204285714285716,0.7599425465838511
ii,opendde-abag,0.23,8,ranked,0.6918012422360249,0.6215551242236025,0.7619277950310559
ii,opendde-abag,0.23,16,ranked,0.6914285714285715,0.6209526397515529,0.7635419254658384
ii,opendde-abag,0.23,32,ranked,0.6911180124223603,0.6210659937888199,0.7639945652173913
ii,opendde-abag,0.23,50,ranked,0.6894409937888198,0.6211180124223602,0.7639751552795031
ii,opendde-abag,0.23,1,oracle,0.6867701863354035,0.6170116459627331,0.75525
ii,opendde-abag,0.23,2,oracle,0.7008385093167702,0.6320155279503106,0.7694565217391305
ii,opendde-abag,0.23,4,oracle,0.7206521739130434,0.6523641304347826,0.7882989130434782
ii,opendde-abag,0.23,8,oracle,0.7370186335403728,0.6686024844720497,0.8031723602484472
ii,opendde-abag,0.23,16,oracle,0.7531366459627328,0.6854192546583849,0.8190124223602485
ii,opendde-abag,0.23,32,oracle,0.7676086956521738,0.6974510869565216,0.8307305900621118
ii,opendde-abag,0.23,50,oracle,0.7763975155279503,0.7018633540372671,0.8385093167701864
ii,opendde-abag,0.23,1,random,0.6867701863354035,0.6170116459627331,0.75525
ii,opendde-abag,0.23,2,random,0.6861180124223601,0.616207298136646,0.7548478260869566
ii,opendde-abag,0.23,4,random,0.6857142857142856,0.6173664596273292,0.7547864906832297
ii,opendde-abag,0.23,8,random,0.6872981366459628,0.6174526397515528,0.7551824534161491
ii,opendde-abag,0.23,16,random,0.6866770186335404,0.6176537267080744,0.7557212732919253
ii,opendde-abag,0.23,32,random,0.6861490683229814,0.6169767080745342,0.7557181677018633
ii,opendde-abag,0.23,50,random,0.6865838509316768,0.6176086956521738,0.7551249999999999
ii,opendde-abag,0.8,1,ranked,0.28875776397515535,0.22347437888198765,0.3560590062111802
ii,opendde-abag,0.8,2,ranked,0.29338509316770195,0.22877717391304347,0.3618020186335403
ii,opendde-abag,0.8,4,ranked,0.29503105590062123,0.23013819875776395,0.36367468944099385
ii,opendde-abag,0.8,8,ranked,0.2968633540372671,0.23320807453416154,0.3654984472049689
ii,opendde-abag,0.8,16,ranked,0.298167701863354,0.23157763975155277,0.3676731366459627
ii,opendde-abag,0.8,32,ranked,0.29649068322981376,0.2298276397515528,0.3675846273291926
ii,opendde-abag,0.8,50,ranked,0.2919254658385093,0.2236024844720497,0.36645962732919257
ii,opendde-abag,0.8,1,oracle,0.28875776397515535,0.22347437888198765,0.3560590062111802
ii,opendde-abag,0.8,2,oracle,0.3140683229813665,0.24483850931677015,0.38540139751552793
ii,opendde-abag,0.8,4,oracle,0.3371428571428573,0.2683361801242237,0.4109697204968945
ii,opendde-abag,0.8,8,oracle,0.35844720496894417,0.28928493788819876,0.43297826086956515
ii,opendde-abag,0.8,16,oracle,0.38686335403726707,0.31761490683229815,0.46466226708074526
ii,opendde-abag,0.8,32,oracle,0.420776397515528,0.3472787267080745,0.4999169254658385
ii,opendde-abag,0.8,50,oracle,0.4472049689440994,0.37251552795031057,0.5281055900621117
ii,opendde-abag,0.8,1,random,0.28875776397515535,0.22347437888198765,0.3560590062111802
ii,opendde-abag,0.8,2,random,0.28919254658385096,0.2240015527950311,0.35594409937888183
ii,opendde-abag,0.8,4,random,0.2887888198757763,0.2238633540372671,0.35717701863354034
ii,opendde-abag,0.8,8,random,0.28736024844720487,0.2227593167701863,0.3547880434782609
ii,opendde-abag,0.8,16,random,0.28745341614906833,0.22241692546583852,0.35422981366459627
ii,opendde-abag,0.8,32,random,0.2894409937888198,0.22356599378881978,0.3563408385093167
ii,opendde-abag,0.8,50,random,0.28863354037267075,0.22396739130434776,0.35537732919254655
ii,protenix-v2,0.23,1,ranked,0.42975155279503124,0.366482142857143,0.4955279503105589
ii,protenix-v2,0.23,2,ranked,0.4549378881987577,0.3906754658385094,0.521590062111801
ii,protenix-v2,0.23,4,ranked,0.46900621118012437,0.4002787267080745,0.539659161490683
ii,protenix-v2,0.23,8,ranked,0.4724223602484473,0.4024697204968946,0.5468672360248447
ii,protenix-v2,0.23,16,ranked,0.4672360248447205,0.39734627329192546,0.5445791925465838
ii,protenix-v2,0.23,32,ranked,0.4636024844720497,0.3922655279503105,0.5420535714285715
ii,protenix-v2,0.23,50,ranked,0.4658385093167702,0.391304347826087,0.546583850931677
ii,protenix-v2,0.23,1,oracle,0.42975155279503124,0.366482142857143,0.4955279503105589
ii,protenix-v2,0.23,2,oracle,0.4840372670807453,0.4190628881987576,0.5513361801242236
ii,protenix-v2,0.23,4,oracle,0.5323291925465838,0.46813586956521747,0.5985815217391303
ii,protenix-v2,0.23,8,oracle,0.5788509316770187,0.5109184782608698,0.6449316770186335
ii,protenix-v2,0.23,16,oracle,0.6228260869565216,0.5539968944099378,0.6944805900621117
ii,protenix-v2,0.23,32,oracle,0.6632608695652176,0.5933369565217392,0.7352919254658384
ii,protenix-v2,0.23,50,oracle,0.6894409937888198,0.6149068322981367,0.7641304347826086
ii,protenix-v2,0.23,1,random,0.42975155279503124,0.366482142857143,0.4955279503105589
ii,protenix-v2,0.23,2,random,0.4304968944099379,0.3666389751552795,0.49613043478260893
ii,protenix-v2,0.23,4,random,0.4290683229813666,0.36633540372670814,0.4948555900621117
ii,protenix-v2,0.23,8,random,0.43065217391304345,0.36797204968944086,0.4961840062111804
ii,protenix-v2,0.23,16,random,0.4320496894409938,0.3690822981366459,0.49754813664596265
ii,protenix-v2,0.23,32,random,0.4317701863354038,0.36854503105590064,0.4971529503105588
ii,protenix-v2,0.23,50,random,0.42875776397515514,0.36533928571428564,0.49590760869565226
ii,protenix-v2,0.8,1,ranked,0.1491925465838509,0.10348524844720498,0.20037732919254653
ii,protenix-v2,0.8,2,ranked,0.1498447204968944,0.10085636645962735,0.20146506211180126
ii,protenix-v2,0.8,4,ranked,0.1490683229813665,0.10076863354037267,0.2000760869565217
ii,protenix-v2,0.8,8,ranked,0.15003105590062113,0.10148990683229815,0.20149844720496898
ii,protenix-v2,0.8,16,ranked,0.14847826086956525,0.09872127329192545,0.20124999999999998
ii,protenix-v2,0.8,32,ranked,0.14316770186335404,0.09359937888198759,0.19618167701863348
ii,protenix-v2,0.8,50,ranked,0.13664596273291926,0.08695652173913043,0.19254658385093168
ii,protenix-v2,0.8,1,oracle,0.1491925465838509,0.10348524844720498,0.20037732919254653
ii,protenix-v2,0.8,2,oracle,0.1720807453416149,0.12046583850931682,0.22896816770186337
ii,protenix-v2,0.8,4,oracle,0.19006211180124227,0.1356599378881988,0.25193400621118006
ii,protenix-v2,0.8,8,oracle,0.2086335403726708,0.1523416149068323,0.2717701863354037
ii,protenix-v2,0.8,16,oracle,0.23173913043478261,0.17102329192546586,0.298138198757764
ii,protenix-v2,0.8,32,oracle,0.25537267080745346,0.1935100931677019,0.32419409937888205
ii,protenix-v2,0.8,50,oracle,0.2732919254658385,0.20496894409937888,0.34177018633540357
ii,protenix-v2,0.8,1,random,0.1491925465838509,0.10348524844720498,0.20037732919254653
ii,protenix-v2,0.8,2,random,0.14906832298136646,0.10301009316770186,0.20052639751552792
ii,protenix-v2,0.8,4,random,0.1495962732919254,0.10304192546583849,0.20167313664596265
ii,protenix-v2,0.8,8,random,0.1477950310559006,0.10223136645962733,0.1987895962732919
ii,protenix-v2,0.8,16,random,0.14987577639751548,0.10356909937888199,0.20194099378881988
ii,protenix-v2,0.8,32,random,0.14832298136645966,0.10232608695652175,0.19982375776397518
ii,protenix-v2,0.8,50,random,0.14838509316770188,0.1019689440993789,0.19969021739130433
ii,boltz2,0.23,1,ranked,0.29639751552795035,0.23233773291925466,0.36576940993788826
ii,boltz2,0.23,2,ranked,0.3030745341614907,0.2385574534161491,0.37428571428571433
ii,boltz2,0.23,4,ranked,0.30627329192546593,0.24107531055900627,0.3748594720496894
ii,boltz2,0.23,8,ranked,0.3067080745341615,0.23999301242236024,0.3758788819875777
ii,boltz2,0.23,16,ranked,0.30527950310559004,0.2391125776397515,0.37747049689441
ii,boltz2,0.23,32,ranked,0.3035714285714286,0.23378804347826082,0.3763447204968944
ii,boltz2,0.23,50,ranked,0.2981366459627329,0.2236024844720497,0.37267080745341613
ii,boltz2,0.23,1,oracle,0.29639751552795035,0.23233773291925466,0.36576940993788826
ii,boltz2,0.23,2,oracle,0.3319254658385093,0.26554037267080743,0.40059083850931676
ii,boltz2,0.23,4,oracle,0.3740062111801242,0.30570807453416154,0.4420178571428572
ii,boltz2,0.23,8,oracle,0.41940993788819886,0.34982996894409935,0.4929534161490683
ii,boltz2,0.23,16,oracle,0.4618322981366459,0.39240062111801227,0.5362841614906833
ii,boltz2,0.23,32,oracle,0.5005590062111802,0.428569099378882,0.5765885093167703
ii,boltz2,0.23,50,oracle,0.5279503105590062,0.453416149068323,0.6026397515527949
ii,boltz2,0.23,1,random,0.29639751552795035,0.23233773291925466,0.36576940993788826
ii,boltz2,0.23,2,random,0.29546583850931674,0.23128571428571434,0.36341925465838515
ii,boltz2,0.23,4,random,0.29335403726708076,0.2297895962732919,0.36218633540372663
ii,boltz2,0.23,8,random,0.29319875776397525,0.22883773291925463,0.3607173913043478
ii,boltz2,0.23,16,random,0.29372670807453416,0.22897204968944096,0.3624976708074534
ii,boltz2,0.23,32,random,0.2957453416149068,0.2314417701863355,0.3646141304347826
ii,boltz2,0.23,50,random,0.29347826086956524,0.2294976708074534,0.3613548136645964
ii,boltz2,0.8,1,ranked,0.11546583850931677,0.0749060559006211,0.16254813664596274
ii,boltz2,0.8,2,ranked,0.12093167701863353,0.07900388198757764,0.16917236024844717
ii,boltz2,0.8,4,ranked,0.12431677018633541,0.08117391304347825,0.17396118012422357
ii,boltz2,0.8,8,ranked,0.12593167701863353,0.08176242236024844,0.17910093167701863
ii,boltz2,0.8,16,ranked,0.12599378881987575,0.08195341614906833,0.1792251552795031
ii,boltz2,0.8,32,ranked,0.12574534161490683,0.078944099378882,0.17761024844720494
ii,boltz2,0.8,50,ranked,0.12422360248447205,0.07453416149068323,0.17391304347826086
ii,boltz2,0.8,1,oracle,0.11546583850931677,0.0749060559006211,0.16254813664596274
ii,boltz2,0.8,2,oracle,0.13043478260869565,0.08527096273291926,0.18330978260869563
ii,boltz2,0.8,4,oracle,0.1411801242236025,0.09306832298136647,0.19655745341614908
ii,boltz2,0.8,8,oracle,0.14934782608695654,0.09968788819875776,0.2057212732919255
ii,boltz2,0.8,16,oracle,0.1546583850931677,0.10496894409937887,0.21376552795031056
ii,boltz2,0.8,32,oracle,0.1598447204968944,0.11012344720496894,0.22035869565217386
ii,boltz2,0.8,50,oracle,0.16149068322981366,0.11180124223602485,0.2236024844720497
ii,boltz2,0.8,1,random,0.11546583850931677,0.0749060559006211,0.16254813664596274
ii,boltz2,0.8,2,random,0.11437888198757763,0.07393245341614905,0.1615613354037267
ii,boltz2,0.8,4,random,0.11515527950310556,0.07459316770186335,0.16326164596273293
ii,boltz2,0.8,8,random,0.11413043478260869,0.07440372670807453,0.16161645962732918
ii,boltz2,0.8,16,random,0.1129503105590062,0.07284549689440994,0.15950698757763973
ii,boltz2,0.8,32,random,0.11521739130434783,0.07501009316770188,0.16304580745341615
ii,boltz2,0.8,50,random,0.11431677018633542,0.0741886645962733,0.16169021739130432
iii,opendde-abag,0.23,1,ranked,0.6401863354037267,0.5670357142857144,0.7101172360248447
iii,opendde-abag,0.23,2,ranked,0.6431055900621118,0.5705737577639752,0.7138843167701864
iii,opendde-abag,0.23,4,ranked,0.6437577639751554,0.5709223602484473,0.7154177018633541
iii,opendde-abag,0.23,8,ranked,0.645248447204969,0.5712725155279503,0.7175939440993788
iii,opendde-abag,0.23,16,ranked,0.6452484472049689,0.5710209627329194,0.7192895962732918
iii,opendde-abag,0.23,32,ranked,0.6465838509316771,0.5721583850931676,0.7218090062111802
iii,opendde-abag,0.23,50,ranked,0.6459627329192547,0.5714285714285714,0.7204968944099379
iii,opendde-abag,0.23,1,oracle,0.6401863354037267,0.5670357142857144,0.7101172360248447
iii,opendde-abag,0.23,2,oracle,0.6565838509316769,0.585253105590062,0.7249565217391303
iii,opendde-abag,0.23,4,oracle,0.6724223602484473,0.5997399068322982,0.7405776397515529
iii,opendde-abag,0.23,8,oracle,0.6856521739130435,0.6127220496894411,0.7528555900621118
iii,opendde-abag,0.23,16,oracle,0.7003105590062112,0.6250916149068322,0.768945652173913
iii,opendde-abag,0.23,32,oracle,0.7136024844720497,0.6398354037267081,0.7807787267080745
iii,opendde-abag,0.23,50,oracle,0.7204968944099379,0.6459627329192547,0.7888198757763976
iii,opendde-abag,0.23,1,random,0.6401863354037267,0.5670357142857144,0.7101172360248447
iii,opendde-abag,0.23,2,random,0.6395962732919254,0.5662686335403726,0.7103928571428568
iii,opendde-abag,0.23,4,random,0.638975155279503,0.5665302795031055,0.7084021739130434
iii,opendde-abag,0.23,8,random,0.6401242236024844,0.5661172360248448,0.7112546583850932
iii,opendde-abag,0.23,16,random,0.6400310559006208,0.5669479813664594,0.7105574534161488
iii,opendde-abag,0.23,32,random,0.6395031055900622,0.5671832298136644,0.7104704968944099
iii,opendde-abag,0.23,50,random,0.6401242236024844,0.566114130434783,0.7112150621118012
iii,opendde-abag,0.8,1,ranked,0.16816770186335403,0.11275854037267082,0.22655745341614908
iii,opendde-abag,0.8,2,ranked,0.1700310559006211,0.1141832298136646,0.22733928571428563
iii,opendde-abag,0.8,4,ranked,0.17031055900621117,0.11331288819875776,0.22823447204968939
iii,opendde-abag,0.8,8,ranked,0.16913043478260867,0.11176319875776397,0.2261979813664596
iii,opendde-abag,0.8,16,ranked,0.16832298136645962,0.11139285714285715,0.22574844720496895
iii,opendde-abag,0.8,32,ranked,0.16810559006211181,0.11104114906832298,0.22465993788819877
iii,opendde-abag,0.8,50,ranked,0.16770186335403728,0.11180124223602485,0.2236024844720497
iii,opendde-abag,0.8,1,oracle,0.16816770186335403,0.11275854037267082,0.22655745341614908
iii,opendde-abag,0.8,2,oracle,0.17602484472049693,0.11998990683229813,0.23575077639751552
iii,opendde-abag,0.8,4,oracle,0.1793478260869565,0.12238664596273291,0.24006599378881988
iii,opendde-abag,0.8,8,oracle,0.18298136645962734,0.12512111801242234,0.24351863354037268
iii,opendde-abag,0.8,16,oracle,0.1891614906832298,0.12980822981366458,0.2503214285714286
iii,opendde-abag,0.8,32,oracle,0.19714285714285712,0.13413975155279503,0.25880978260869564
iii,opendde-abag,0.8,50,oracle,0.20496894409937888,0.14285714285714285,0.2732919254658385
iii,opendde-abag,0.8,1,random,0.16816770186335403,0.11275854037267082,0.22655745341614908
iii,opendde-abag,0.8,2,random,0.1689130434782609,0.11350931677018634,0.2276288819875776
iii,opendde-abag,0.8,4,random,0.16897515527950308,0.11350776397515529,0.22767779503105595
iii,opendde-abag,0.8,8,random,0.16872670807453413,0.11333307453416151,0.227111801242236
iii,opendde-abag,0.8,16,random,0.1682608695652174,0.11296118012422358,0.22681677018633542
iii,opendde-abag,0.8,32,random,0.16947204968944096,0.11421816770186338,0.2282732919254658
iii,opendde-abag,0.8,50,random,0.16875776397515527,0.11322515527950308,0.22683152173913043
iii,protenix-v2,0.23,1,ranked,0.38322981366459635,0.32138819875776403,0.44772903726708074
iii,protenix-v2,0.23,2,ranked,0.4031055900621118,0.34024456521739127,0.4664285714285714
iii,protenix-v2,0.23,4,ranked,0.41704968944099374,0.3508540372670808,0.4840093167701863
iii,protenix-v2,0.23,8,ranked,0.42590062111801236,0.3575248447204969,0.49450310559006205
iii,protenix-v2,0.23,16,ranked,0.42602484472049684,0.3582538819875777,0.49646195652173924
iii,protenix-v2,0.23,32,ranked,0.4294099378881988,0.3600613354037267,0.5010434782608696
iii,protenix-v2,0.23,50,ranked,0.43478260869565216,0.36024844720496896,0.5093167701863354
iii,protenix-v2,0.23,1,oracle,0.38322981366459635,0.32138819875776403,0.44772903726708074
iii,protenix-v2,0.23,2,oracle,0.4316459627329193,0.36691149068322987,0.49705124223602487
iii,protenix-v2,0.23,4,oracle,0.4781677018633541,0.41199689440993786,0.5464285714285714
iii,protenix-v2,0.23,8,oracle,0.5195962732919257,0.4544091614906834,0.5893695652173914
iii,protenix-v2,0.23,16,oracle,0.5583229813664597,0.4908361801242236,0.6312779503105591
iii,protenix-v2,0.23,32,oracle,0.5948447204968945,0.5267018633540373,0.6673804347826084
iii,protenix-v2,0.23,50,oracle,0.6211180124223602,0.5527950310559007,0.6956521739130435
iii,protenix-v2,0.23,1,random,0.38322981366459635,0.32138819875776403,0.44772903726708074
iii,protenix-v2,0.23,2,random,0.3818012422360247,0.3200271739130434,0.44592080745341617
iii,protenix-v2,0.23,4,random,0.38167701863354037,0.32020341614906833,0.4461645962732919
iii,protenix-v2,0.23,8,random,0.384223602484472,0.3224518633540372,0.45012577639751544
iii,protenix-v2,0.23,16,random,0.3843478260869565,0.32274456521739137,0.4487981366459627
iii,protenix-v2,0.23,32,random,0.38385093167701867,0.32136568322981374,0.4487919254658384
iii,protenix-v2,0.23,50,random,0.38164596273291923,0.319898291925466,0.4472771739130435
iii,protenix-v2,0.8,1,ranked,0.09369565217391305,0.054767857142857146,0.13434860248447206
iii,protenix-v2,0.8,2,ranked,0.09639751552795031,0.056859472049689434,0.138083850931677
iii,protenix-v2,0.8,4,ranked,0.09698757763975155,0.05787655279503106,0.13936335403726707
iii,protenix-v2,0.8,8,ranked,0.09583850931677018,0.056767080745341605,0.1377624223602484
iii,protenix-v2,0.8,16,ranked,0.09369565217391304,0.05427872670807453,0.13569332298136644
iii,protenix-v2,0.8,32,ranked,0.08726708074534162,0.04797360248447204,0.13065450310559007
iii,protenix-v2,0.8,50,ranked,0.08074534161490683,0.04332298136645964,0.12422360248447205
iii,protenix-v2,0.8,1,oracle,0.09369565217391305,0.054767857142857146,0.13434860248447206
iii,protenix-v2,0.8,2,oracle,0.1110248447204969,0.06773214285714285,0.1568144409937888
iii,protenix-v2,0.8,4,oracle,0.12220496894409938,0.0770504658385093,0.171958850931677
iii,protenix-v2,0.8,8,oracle,0.13245341614906833,0.08505124223602484,0.18546661490683233
iii,protenix-v2,0.8,16,oracle,0.13916149068322983,0.09043322981366458,0.19326708074534166
iii,protenix-v2,0.8,32,oracle,0.1458074534161491,0.09679114906832297,0.20016770186335406
iii,protenix-v2,0.8,50,oracle,0.14906832298136646,0.09937888198757763,0.20496894409937888
iii,protenix-v2,0.8,1,random,0.09369565217391305,0.054767857142857146,0.13434860248447206
iii,protenix-v2,0.8,2,random,0.09478260869565218,0.05518400621118013,0.13578804347826084
iii,protenix-v2,0.8,4,random,0.09518633540372672,0.056086956521739124,0.13493555900621113
iii,protenix-v2,0.8,8,random,0.09431677018633541,0.05568555900621119,0.13614906832298138
iii,protenix-v2,0.8,16,random,0.09434782608695651,0.05498447204968943,0.13527562111801242
iii,protenix-v2,0.8,32,random,0.0936335403726708,0.055408385093167686,0.13385403726708073
iii,protenix-v2,0.8,50,random,0.09509316770186335,0.05554891304347826,0.13567624223602484
iii,boltz2,0.23,1,ranked,0.2709627329192546,0.21017624223602485,0.3368944099378881
iii,boltz2,0.23,2,ranked,0.27962732919254657,0.21686335403726717,0.3471172360248448
iii,boltz2,0.23,4,ranked,0.2838509316770188,0.2210706521739131,0.3510458074534162
iii,boltz2,0.23,8,ranked,0.28692546583850936,0.221860248447205,0.35471040372670815
iii,boltz2,0.23,16,ranked,0.28968944099378885,0.22317080745341614,0.35916692546583845
iii,boltz2,0.23,32,ranked,0.2922360248447205,0.2238796583850932,0.3625496894409938
iii,boltz2,0.23,50,ranked,0.2919254658385093,0.2234472049689441,0.36645962732919257
iii,boltz2,0.23,1,oracle,0.2709627329192546,0.21017624223602485,0.3368944099378881
iii,boltz2,0.23,2,oracle,0.30344720496894406,0.23843090062111802,0.371358695652174
iii,boltz2,0.23,4,oracle,0.33748447204968945,0.2695636645962733,0.40813742236024836
iii,boltz2,0.23,8,oracle,0.3720807453416149,0.30175621118012413,0.4454068322981366
iii,boltz2,0.23,16,oracle,0.40086956521739125,0.32985947204968946,0.4767003105590062
iii,boltz2,0.23,32,oracle,0.42686335403726705,0.35348524844720497,0.5030753105590062
iii,boltz2,0.23,50,oracle,0.4472049689440994,0.37267080745341613,0.521894409937888
iii,boltz2,0.23,1,random,0.2709627329192546,0.21017624223602485,0.3368944099378881
iii,boltz2,0.23,2,random,0.27074534161490676,0.20977950310559004,0.33739906832298144
iii,boltz2,0.23,4,random,0.26916149068322975,0.20871506211180121,0.3355659937888198
iii,boltz2,0.23,8,random,0.26869565217391306,0.20830201863354036,0.33481832298136643
iii,boltz2,0.23,16,random,0.26956521739130435,0.20883773291925464,0.336125
iii,boltz2,0.23,32,random,0.2715217391304348,0.21069642857142865,0.33810869565217394
iii,boltz2,0.23,50,random,0.26972049689441,0.2092523291925466,0.33665450310559003
iii,boltz2,0.8,1,ranked,0.07326086956521738,0.0379472049689441,0.11230822981366458
iii,boltz2,0.8,2,ranked,0.07515527950310559,0.03900077639751553,0.11544409937888199
iii,boltz2,0.8,4,ranked,0.07714285714285717,0.040275621118012424,0.11742701863354038
iii,boltz2,0.8,8,ranked,0.07627329192546585,0.039812111801242236,0.11646661490683229
iii,boltz2,0.8,16,ranked,0.07565217391304346,0.03961490683229814,0.11711335403726708
iii,boltz2,0.8,32,ranked,0.07310559006211179,0.03785326086956521,0.11463198757763975
iii,boltz2,0.8,50,ranked,0.06832298136645963,0.031055900621118012,0.10559006211180125
iii,boltz2,0.8,1,oracle,0.07326086956521738,0.0379472049689441,0.11230822981366458
iii,boltz2,0.8,2,oracle,0.07944099378881987,0.04201708074534162,0.12051319875776395
iii,boltz2,0.8,4,oracle,0.08704968944099378,0.048894409937888204,0.1294774844720497
iii,boltz2,0.8,8,oracle,0.0951552795031056,0.05411878881987578,0.14004736024844716
iii,boltz2,0.8,16,oracle,0.10487577639751551,0.06036568322981367,0.15304503105590062
iii,boltz2,0.8,32,oracle,0.11406832298136647,0.06757686335403726,0.16584316770186333
iii,boltz2,0.8,50,oracle,0.11801242236024845,0.06832298136645963,0.17391304347826086
iii,boltz2,0.8,1,random,0.07326086956521738,0.0379472049689441,0.11230822981366458
iii,boltz2,0.8,2,random,0.0729503105590062,0.03812189440993789,0.11288897515527949
iii,boltz2,0.8,4,random,0.07360248447204969,0.037885869565217396,0.11298214285714284
iii,boltz2,0.8,8,random,0.07279503105590063,0.03776164596273291,0.11248524844720499
iii,boltz2,0.8,16,random,0.07263975155279503,0.03772593167701863,0.11162111801242235
iii,boltz2,0.8,32,random,0.07391304347826086,0.0382251552795031,0.11352018633540369
iii,boltz2,0.8,50,random,0.07347826086956522,0.03803726708074534,0.11255201863354036
iv,opendde-abag,0.23,1,ranked,0.6636335403726706,0.5929122670807454,0.7342344720496894
iv,opendde-abag,0.23,2,ranked,0.6649378881987578,0.5938765527950309,0.7370038819875776
iv,opendde-abag,0.23,4,ranked,0.6665217391304349,0.5934774844720497,0.7395341614906832
iv,opendde-abag,0.23,8,ranked,0.667888198757764,0.5934782608695652,0.7414906832298136
iv,opendde-abag,0.23,16,ranked,0.6673291925465838,0.5924580745341617,0.7422422360248448
iv,opendde-abag,0.23,32,ranked,0.6679813664596274,0.5926591614906832,0.7426203416149069
iv,opendde-abag,0.23,50,ranked,0.6645962732919255,0.5900621118012422,0.7391304347826086
iv,opendde-abag,0.23,1,oracle,0.6636335403726706,0.5929122670807454,0.7342344720496894
iv,opendde-abag,0.23,2,oracle,0.6782608695652174,0.6076055900621117,0.7482771739130435
iv,opendde-abag,0.23,4,oracle,0.6968633540372672,0.6266653726708074,0.7665333850931678
iv,opendde-abag,0.23,8,oracle,0.7117701863354037,0.642544254658385,0.7809518633540373
iv,opendde-abag,0.23,16,oracle,0.7262422360248447,0.6566832298136646,0.7949208074534161
iv,opendde-abag,0.23,32,oracle,0.7398757763975155,0.6683804347826088,0.8069565217391301
iv,opendde-abag,0.23,50,oracle,0.7515527950310559,0.6770186335403726,0.8198757763975155
iv,opendde-abag,0.23,1,random,0.6636335403726706,0.5929122670807454,0.7342344720496894
iv,opendde-abag,0.23,2,random,0.6632919254658384,0.5938020186335404,0.7343509316770187
iv,opendde-abag,0.23,4,random,0.6628571428571429,0.5925947204968945,0.7343672360248447
iv,opendde-abag,0.23,8,random,0.6642857142857144,0.593361801242236,0.7347686335403726
iv,opendde-abag,0.23,16,random,0.6636024844720497,0.5935279503105588,0.7346428571428572
iv,opendde-abag,0.23,32,random,0.6631366459627328,0.5932445652173913,0.7346669254658386
iv,opendde-abag,0.23,50,random,0.6636024844720494,0.5938284161490681,0.7340520186335404
iv,opendde-abag,0.8,1,ranked,0.25577639751552805,0.18988509316770186,0.31948913043478266
iv,opendde-abag,0.8,2,ranked,0.25990683229813666,0.19386024844720492,0.325430900621118
iv,opendde-abag,0.8,4,ranked,0.25810559006211187,0.19301242236024843,0.3233501552795031
iv,opendde-abag,0.8,8,ranked,0.25577639751552794,0.19229192546583848,0.3211343167701862
iv,opendde-abag,0.8,16,ranked,0.2531055900621117,0.19002872670807447,0.31775155279503103
iv,opendde-abag,0.8,32,ranked,0.24990683229813665,0.18474922360248447,0.3124611801242236
iv,opendde-abag,0.8,50,ranked,0.2484472049689441,0.18012422360248448,0.3167701863354037
iv,opendde-abag,0.8,1,oracle,0.25577639751552805,0.18988509316770186,0.31948913043478266
iv,opendde-abag,0.8,2,oracle,0.2831055900621119,0.212151397515528,0.35330978260869556
iv,opendde-abag,0.8,4,oracle,0.3032608695652175,0.2300217391304348,0.37705667701863355
iv,opendde-abag,0.8,8,oracle,0.32155279503105594,0.2480209627329192,0.3962437888198757
iv,opendde-abag,0.8,16,oracle,0.34406832298136647,0.2718509316770186,0.4206645962732919
iv,opendde-abag,0.8,32,oracle,0.371583850931677,0.2973563664596273,0.45341847826086956
iv,opendde-abag,0.8,50,oracle,0.391304347826087,0.3167701863354037,0.4782608695652174
iv,opendde-abag,0.8,1,random,0.25577639751552805,0.18988509316770186,0.31948913043478266
iv,opendde-abag,0.8,2,random,0.25605590062111805,0.1902725155279503,0.3204246894409938
iv,opendde-abag,0.8,4,random,0.25652173913043474,0.19065450310559007,0.3212119565217391
iv,opendde-abag,0.8,8,random,0.25487577639751546,0.18966149068322977,0.3184712732919254
iv,opendde-abag,0.8,16,random,0.2546583850931677,0.18986102484472048,0.31767546583850936
iv,opendde-abag,0.8,32,random,0.2568322981366459,0.1903074534161491,0.32084549689440983
iv,opendde-abag,0.8,50,random,0.25499999999999995,0.18974999999999995,0.3185108695652174
iv,protenix-v2,0.23,1,ranked,0.40788819875776405,0.3442523291925466,0.4745978260869568
iv,protenix-v2,0.23,2,ranked,0.4317701863354037,0.36620652173913043,0.5030916149068322
iv,protenix-v2,0.23,4,ranked,0.44546583850931676,0.3775411490683231,0.5197903726708073
iv,protenix-v2,0.23,8,ranked,0.4492236024844721,0.37819254658385104,0.5234821428571428
iv,protenix-v2,0.23,16,ranked,0.4451242236024845,0.37465217391304345,0.5206801242236025
iv,protenix-v2,0.23,32,ranked,0.4466149068322982,0.37506444099378883,0.5256832298136647
iv,protenix-v2,0.23,50,ranked,0.453416149068323,0.37888198757763975,0.5341614906832298
iv,protenix-v2,0.23,1,oracle,0.40788819875776405,0.3442523291925466,0.4745978260869568
iv,protenix-v2,0.23,2,oracle,0.4588509316770186,0.39671350931677013,0.5271156832298136
iv,protenix-v2,0.23,4,oracle,0.5050931677018634,0.43967934782608703,0.5744829192546583
iv,protenix-v2,0.23,8,oracle,0.5455279503105591,0.47877251552795036,0.615810559006211
iv,protenix-v2,0.23,16,oracle,0.5851863354037268,0.5133346273291925,0.6555644409937886
iv,protenix-v2,0.23,32,oracle,0.6226397515527952,0.5469200310559006,0.6974588509316769
iv,protenix-v2,0.23,50,oracle,0.6459627329192547,0.5714285714285714,0.7206521739130434
iv,protenix-v2,0.23,1,random,0.40788819875776405,0.3442523291925466,0.4745978260869568
iv,protenix-v2,0.23,2,random,0.4080434782608695,0.3447810559006211,0.47560559006211195
iv,protenix-v2,0.23,4,random,0.40661490683229806,0.34347515527950306,0.47438276397515505
iv,protenix-v2,0.23,8,random,0.40931677018633544,0.34657453416149064,0.4760015527950308
iv,protenix-v2,0.23,16,random,0.40950310559006214,0.3459293478260869,0.47693478260869565
iv,protenix-v2,0.23,32,random,0.4100310559006212,0.34651475155279504,0.4765822981366459
iv,protenix-v2,0.23,50,random,0.4059627329192545,0.3429045031055902,0.4741638198757765
iv,protenix-v2,0.8,1,ranked,0.12161490683229814,0.07918711180124224,0.16866925465838511
iv,protenix-v2,0.8,2,ranked,0.12636645962732918,0.08080745341614907,0.17467546583850926
iv,protenix-v2,0.8,4,ranked,0.12922360248447204,0.08238975155279502,0.17787810559006212
iv,protenix-v2,0.8,8,ranked,0.12866459627329196,0.08158928571428571,0.1781071428571429
iv,protenix-v2,0.8,16,ranked,0.12872670807453418,0.08074145962732918,0.1792624223602485
iv,protenix-v2,0.8,32,ranked,0.12593167701863353,0.07741304347826086,0.1757857142857143
iv,protenix-v2,0.8,50,ranked,0.12422360248447205,0.07453416149068323,0.17391304347826086
iv,protenix-v2,0.8,1,oracle,0.12161490683229814,0.07918711180124224,0.16866925465838511
iv,protenix-v2,0.8,2,oracle,0.14444099378881986,0.09596350931677018,0.19550776397515518
iv,protenix-v2,0.8,4,oracle,0.162111801242236,0.10928338509316769,0.21848136645962724
iv,protenix-v2,0.8,8,oracle,0.17841614906832298,0.12417080745341616,0.23446118012422357
iv,protenix-v2,0.8,16,oracle,0.19543478260869562,0.13686024844720496,0.2547267080745341
iv,protenix-v2,0.8,32,oracle,0.21161490683229808,0.15096040372670808,0.2724518633540372
iv,protenix-v2,0.8,50,oracle,0.2236024844720497,0.16149068322981366,0.2919254658385093
iv,protenix-v2,0.8,1,random,0.12161490683229814,0.07918711180124224,0.16866925465838511
iv,protenix-v2,0.8,2,random,0.12254658385093166,0.08055357142857143,0.16925854037267085
iv,protenix-v2,0.8,4,random,0.12226708074534157,0.07951319875776397,0.16814984472049682
iv,protenix-v2,0.8,8,random,0.1208385093167702,0.0781552795031056,0.167402950310559
iv,protenix-v2,0.8,16,random,0.12127329192546583,0.07883385093167704,0.16751708074534163
iv,protenix-v2,0.8,32,random,0.11996894409937893,0.07748757763975156,0.16662034161490683
iv,protenix-v2,0.8,50,random,0.12139751552795035,0.0790248447204969,0.16767003105590061
iv,boltz2,0.23,1,ranked,0.2834472049689441,0.21934704968944102,0.3511195652173913
iv,boltz2,0.23,2,ranked,0.29108695652173916,0.22654425465838524,0.3611917701863354
iv,boltz2,0.23,4,ranked,0.29621118012422376,0.23139906832298146,0.3657787267080746
iv,boltz2,0.23,8,ranked,0.29826086956521736,0.23257142857142857,0.36734006211180126
iv,boltz2,0.23,16,ranked,0.2993478260869566,0.23108618012422358,0.3685023291925466
iv,boltz2,0.23,32,ranked,0.29987577639751556,0.23083074534161485,0.37189906832298136
iv,boltz2,0.23,50,ranked,0.2981366459627329,0.2236024844720497,0.37267080745341613
iv,boltz2,0.23,1,oracle,0.2834472049689441,0.21934704968944102,0.3511195652173913
iv,boltz2,0.23,2,oracle,0.316055900621118,0.2501770186335404,0.38701242236024846
iv,boltz2,0.23,4,oracle,0.35450310559006215,0.28443555900621126,0.4275885093167701
iv,boltz2,0.23,8,oracle,0.39543478260869563,0.32568866459627327,0.4687523291925465
iv,boltz2,0.23,16,oracle,0.4300931677018633,0.35928105590062104,0.5033625776397516
iv,boltz2,0.23,32,oracle,0.466024844720497,0.3883664596273292,0.5412391304347826
iv,boltz2,0.23,50,oracle,0.4906832298136646,0.40993788819875776,0.5652173913043478
iv,boltz2,0.23,1,random,0.2834472049689441,0.21934704968944102,0.3511195652173913
iv,boltz2,0.23,2,random,0.283167701863354,0.21887267080745343,0.3522135093167702
iv,boltz2,0.23,4,random,0.28183229813664595,0.2180729813664596,0.3502267080745341
iv,boltz2,0.23,8,random,0.28217391304347833,0.2183524844720497,0.3503951863354037
iv,boltz2,0.23,16,random,0.2818012422360249,0.21800776397515534,0.3502336956521739
iv,boltz2,0.23,32,random,0.28440993788819874,0.2202453416149068,0.3533315217391303
iv,boltz2,0.23,50,random,0.28192546583850947,0.21751009316770192,0.3501948757763976
iv,boltz2,0.8,1,ranked,0.09124223602484471,0.054031055900621114,0.13554580745341613
iv,boltz2,0.8,2,ranked,0.09335403726708075,0.05570962732919254,0.13867934782608693
iv,boltz2,0.8,4,ranked,0.09282608695652175,0.05560636645962732,0.13786490683229813
iv,boltz2,0.8,8,ranked,0.09186335403726707,0.05490450310559006,0.13640993788819872
iv,boltz2,0.8,16,ranked,0.09260869565217393,0.055057453416149066,0.13641304347826086
iv,boltz2,0.8,32,ranked,0.09096273291925465,0.05229425465838508,0.13457686335403726
iv,boltz2,0.8,50,ranked,0.08695652173913043,0.049689440993788817,0.13043478260869565
iv,boltz2,0.8,1,oracle,0.09124223602484471,0.054031055900621114,0.13554580745341613
iv,boltz2,0.8,2,oracle,0.09978260869565216,0.06016770186335404,0.14778726708074533
iv,boltz2,0.8,4,oracle,0.10503105590062112,0.06490139751552794,0.15295108695652174
iv,boltz2,0.8,8,oracle,0.10931677018633541,0.06763043478260869,0.15820341614906835
iv,boltz2,0.8,16,oracle,0.1139751552795031,0.07171273291925466,0.16360403726708075
iv,boltz2,0.8,32,oracle,0.12037267080745341,0.07684549689440995,0.17241071428571428
iv,boltz2,0.8,50,oracle,0.12422360248447205,0.08074534161490683,0.17406832298136632
iv,boltz2,0.8,1,random,0.09124223602484471,0.054031055900621114,0.13554580745341613
iv,boltz2,0.8,2,random,0.09090062111801242,0.0539083850931677,0.1353229813664596
iv,boltz2,0.8,4,random,0.09124223602484473,0.05424844720496895,0.13665605590062113
iv,boltz2,0.8,8,random,0.09071428571428572,0.05400388198757764,0.13488509316770184
iv,boltz2,0.8,16,random,0.09062111801242236,0.0537888198757764,0.13484782608695653
iv,boltz2,0.8,32,random,0.09111801242236024,0.05446195652173913,0.13550310559006207
iv,boltz2,0.8,50,random,0.0906832298136646,0.05363198757763975,0.13547981366459622
