generator,threshold,N,comparison,mean,lo,hi,significant
opendde-abag,0.23,5,iptm - ranking_score,0.0010073892256698845,-0.0021882237378024775,0.004754546826662607,False
opendde-abag,0.23,5,ptm - ranking_score,-0.01857838788400008,-0.03815838086596026,-0.0038535274366063277,True
opendde-abag,0.23,5,complex_plddt - ranking_score,0.023945097338508033,-0.2642914746543773,0.35000512995896005,False
opendde-abag,0.23,5,pdockq2 - ranking_score,-0.2680361146254504,-0.5147947514144737,-0.05407647934225128,True
opendde-abag,0.23,5,ipsae - ranking_score,-0.2318713113452243,-0.5583688848830788,0.10521646360809843,False
opendde-abag,0.23,5,anticonf - ranking_score,-0.07704620289644212,-0.15683484834746209,-0.014347209082304534,True
opendde-abag,0.23,5,pss - ranking_score,0.0474883348332474,-0.3982833568791103,0.5176563328033922,False
opendde-abag,0.23,5,deeprank_ab - ranking_score,-0.07975966862266909,-0.43843388667580574,0.2843100826446234,False
opendde-abag,0.23,5,abag_rank - ranking_score,0.061257201571244785,-0.3747614970645779,0.4893144508164455,False
opendde-abag,0.23,5,deeprank_ab - abag_rank,-0.14101687019391387,-0.3708026459141561,0.10036851189199207,False
opendde-abag,0.23,5,deeprank_ab - iptm,-0.08076705784833897,-0.4403122766798182,0.28457955285056924,False
opendde-abag,0.23,50,iptm - ranking_score,0.0,0.0,0.0,False
opendde-abag,0.23,50,ptm - ranking_score,0.0,0.0,0.0,False
opendde-abag,0.23,50,complex_plddt - ranking_score,0.0,0.0,0.0,False
opendde-abag,0.23,50,pdockq2 - ranking_score,-0.1654550629741723,-0.5467487247867664,0.12945508331890943,False
opendde-abag,0.23,50,ipsae - ranking_score,-0.5689400622165185,-1.2136167996541012,-0.11892909398917044,True
opendde-abag,0.23,50,anticonf - ranking_score,-0.07670838235709616,-0.25817694831710747,0.0,False
opendde-abag,0.23,50,pss - ranking_score,-0.07721427759891947,-0.43214755639097746,0.27454319711724884,False
opendde-abag,0.23,50,deeprank_ab - ranking_score,-0.08576509071659297,-0.41091287318216174,0.17372235228397645,False
opendde-abag,0.23,50,abag_rank - ranking_score,0.0775922884221023,-0.27137963836941714,0.4324499919518865,False
opendde-abag,0.23,50,deeprank_ab - abag_rank,-0.1633573791386953,-0.6022282708288851,0.21142208351510722,False
opendde-abag,0.23,50,deeprank_ab - iptm,-0.08576509071659297,-0.41091287318216174,0.17372235228397645,False
opendde-abag,0.8,5,iptm - ranking_score,-0.08458795449787292,-0.17953761004525567,-0.016049022783716806,True
opendde-abag,0.8,5,ptm - ranking_score,0.01461022758333714,-0.08079210214998256,0.10825932155432724,False
opendde-abag,0.8,5,complex_plddt - ranking_score,0.09376654363216594,-0.06015991586112588,0.2573887882281884,False
opendde-abag,0.8,5,pdockq2 - ranking_score,0.04514360247967994,-0.10992642801478485,0.20935139847274617,False
opendde-abag,0.8,5,ipsae - ranking_score,-0.2431296152811022,-0.4876314257264662,-0.0167694149089829,True
opendde-abag,0.8,5,anticonf - ranking_score,0.0708267631518273,-0.0649738549349415,0.21450722961249277,False
opendde-abag,0.8,5,pss - ranking_score,-0.011552619241390212,-0.24417366359183293,0.24682088921600726,False
opendde-abag,0.8,5,deeprank_ab - ranking_score,-0.14388855690165311,-0.3279637083550534,0.042160747718321054,False
opendde-abag,0.8,5,abag_rank - ranking_score,-0.1512019625761321,-0.29521939439330014,0.018344354146041412,False
opendde-abag,0.8,5,deeprank_ab - abag_rank,0.007313405674479003,-0.13606437848133243,0.14483430421038898,False
opendde-abag,0.8,5,deeprank_ab - iptm,-0.059300602403780184,-0.23227875737091863,0.125003637951106,False
opendde-abag,0.8,50,iptm - ranking_score,-0.1160464446018069,-0.2678003561364176,0.0,False
opendde-abag,0.8,50,ptm - ranking_score,0.1150012596966045,-0.07444665205734122,0.32543539434815294,False
opendde-abag,0.8,50,complex_plddt - ranking_score,0.0012661930035001337,-0.17944301792640655,0.19342359767891684,False
opendde-abag,0.8,50,pdockq2 - ranking_score,-0.04140597531813769,-0.3216235142461699,0.22844807541684448,False
opendde-abag,0.8,50,ipsae - ranking_score,-0.22088294263779606,-0.560477634596094,0.06147760428227189,False
opendde-abag,0.8,50,anticonf - ranking_score,-0.07954333453240267,-0.353497415382536,0.1769537637716618,False
opendde-abag,0.8,50,pss - ranking_score,0.0018408306168179302,-0.17627513075747628,0.19201690180514433,False
opendde-abag,0.8,50,deeprank_ab - ranking_score,-0.0007219438758766239,-0.26466904617791154,0.2590733555532737,False
opendde-abag,0.8,50,abag_rank - ranking_score,-0.1533795991792353,-0.39554579687167135,0.07495058177328631,False
opendde-abag,0.8,50,deeprank_ab - abag_rank,0.15265765530335865,-0.0799049134643545,0.3952659383803368,False
opendde-abag,0.8,50,deeprank_ab - iptm,0.11532450072593028,-0.1504001119234544,0.3914785073923497,False
protenix-v2,0.23,5,iptm - ranking_score,0.004788358282765357,-0.00134637334350257,0.012121727228574384,False
protenix-v2,0.23,5,ptm - ranking_score,-0.14064950628666767,-0.24032395148110167,-0.059396809323684775,True
protenix-v2,0.23,5,complex_plddt - ranking_score,-0.6651021679844509,-0.9057794648155302,-0.42550157239181485,True
protenix-v2,0.23,5,pdockq2 - ranking_score,-0.0021976880106846226,-0.10883537591198335,0.11246682082731564,False
protenix-v2,0.23,5,ipsae - ranking_score,-0.18716200853337728,-0.29968239733262797,-0.08062875428294433,True
protenix-v2,0.23,5,anticonf - ranking_score,-0.07683263764461841,-0.14382867418144948,-0.013921206404810113,True
protenix-v2,0.23,5,pss - ranking_score,-0.06408008577339312,-0.21791252814558199,0.0903463225333664,False
protenix-v2,0.23,5,deeprank_ab - ranking_score,0.039702591570998036,-0.114157880171894,0.20190386481422437,False
protenix-v2,0.23,5,abag_rank - ranking_score,-0.3199056143638214,-0.48630210907389054,-0.16213901039811632,True
protenix-v2,0.23,5,deeprank_ab - abag_rank,0.3596082059348194,0.21233634594239878,0.4969124243121852,True
protenix-v2,0.23,5,deeprank_ab - iptm,0.03491423328823268,-0.11978990944694355,0.19705791087016977,False
protenix-v2,0.23,50,iptm - ranking_score,0.0,0.0,0.0,False
protenix-v2,0.23,50,ptm - ranking_score,-0.07685011050442839,-0.16930860219377108,0.0,False
protenix-v2,0.23,50,complex_plddt - ranking_score,-0.49446256738381406,-0.7510733643181753,-0.2742731827272006,True
protenix-v2,0.23,50,pdockq2 - ranking_score,0.025629077302245753,-0.12865128446910531,0.17501345909492938,False
protenix-v2,0.23,50,ipsae - ranking_score,-0.3052780630150551,-0.5219882079351467,-0.11561350586532379,True
protenix-v2,0.23,50,anticonf - ranking_score,-0.05184966736129138,-0.1602320163603308,0.046653760117587026,False
protenix-v2,0.23,50,pss - ranking_score,-0.06543309411451156,-0.2563886770046123,0.12678538875081774,False
protenix-v2,0.23,50,deeprank_ab - ranking_score,0.15577408903829038,0.0,0.3130308911336974,False
protenix-v2,0.23,50,abag_rank - ranking_score,-0.310150244351953,-0.5240998114607947,-0.12142996199015921,True
protenix-v2,0.23,50,deeprank_ab - abag_rank,0.46592433339024336,0.23967213971605753,0.7084215812277216,True
protenix-v2,0.23,50,deeprank_ab - iptm,0.15577408903829038,0.0,0.3130308911336974,False
protenix-v2,0.8,5,iptm - ranking_score,-0.017446061447527795,-0.049113776158084314,0.008656655357940501,False
protenix-v2,0.8,5,ptm - ranking_score,-0.013612913077697072,-0.10974937368386282,0.07401387037137984,False
protenix-v2,0.8,5,complex_plddt - ranking_score,0.14941555732558845,-0.20775926015350588,0.4702418075594523,False
protenix-v2,0.8,5,pdockq2 - ranking_score,0.11028326457330599,-0.1294467059592036,0.33787042628636893,False
protenix-v2,0.8,5,ipsae - ranking_score,0.19935631690856379,-0.05780144626743949,0.4461951253212779,False
protenix-v2,0.8,5,anticonf - ranking_score,0.04684175244402422,-0.1335830808724288,0.20384726224783903,False
protenix-v2,0.8,5,pss - ranking_score,0.3193410590055339,0.08337768135490589,0.572695989646222,True
protenix-v2,0.8,5,deeprank_ab - ranking_score,0.10439351858547823,-0.039963992312110085,0.235532282042758,False
protenix-v2,0.8,5,abag_rank - ranking_score,-0.15770070278030224,-0.2849176484209922,-0.03462883133145768,True
protenix-v2,0.8,5,deeprank_ab - abag_rank,0.2620942213657805,0.13314146983566275,0.3835214027415964,True
protenix-v2,0.8,5,deeprank_ab - iptm,0.12183958003300602,-0.02152803489585559,0.25022263980614334,False
protenix-v2,0.8,50,iptm - ranking_score,-0.0009210279452228571,-0.1520536751853444,0.1554454547287353,False
protenix-v2,0.8,50,ptm - ranking_score,-0.0003541931256711566,-0.2156348766277701,0.21291696238467,False
protenix-v2,0.8,50,complex_plddt - ranking_score,-0.005386079105126065,-0.3585515021833661,0.32635344896757845,False
protenix-v2,0.8,50,pdockq2 - ranking_score,-0.16511658532508636,-0.5282655071420047,0.14609604416413058,False
protenix-v2,0.8,50,ipsae - ranking_score,0.16194058545158316,-0.10566181252472011,0.4638744684930206,False
protenix-v2,0.8,50,anticonf - ranking_score,-0.056682845785136146,-0.4279742481661817,0.28490231468287885,False
protenix-v2,0.8,50,pss - ranking_score,0.22451199984763975,-0.055497723781829336,0.5584227632674653,False
protenix-v2,0.8,50,deeprank_ab - ranking_score,0.15931846640958156,-0.1478948111862489,0.4897490113376431,False
protenix-v2,0.8,50,abag_rank - ranking_score,-0.32381082826652435,-0.5980877505197073,-0.10108476730917973,True
protenix-v2,0.8,50,deeprank_ab - abag_rank,0.48312929467610594,0.19940055239216317,0.8363935810256622,True
protenix-v2,0.8,50,deeprank_ab - iptm,0.1602394943548044,-0.10669868090180169,0.45528871855755276,False
boltz2,0.23,5,iptm - ranking_score,-0.15001033043205303,-0.2477572137078775,-0.04974500847715308,True
boltz2,0.23,5,ptm - ranking_score,-0.20111093415928763,-0.3033716561728193,-0.09835038902901853,True
boltz2,0.23,5,complex_plddt - ranking_score,0.18202514603711267,0.07637900367047568,0.2874186825760063,True
boltz2,0.23,5,pdockq2 - ranking_score,-0.0613572450689759,-0.19331932429195128,0.07902855142622991,False
boltz2,0.23,5,ipsae - ranking_score,-0.15582556863422678,-0.27827011447181726,-0.026698429215436928,True
boltz2,0.23,5,anticonf - ranking_score,-0.10137244913372792,-0.22151988191617777,0.028701641331768828,False
boltz2,0.23,5,pss - ranking_score,0.16109563159346157,-0.0202367356253731,0.3392831124016915,False
boltz2,0.23,5,deeprank_ab - ranking_score,0.11959256179530499,-0.027958649886169203,0.27247542753505843,False
boltz2,0.23,5,abag_rank - ranking_score,-0.08117836028980133,-0.19906790631336954,0.04269091967136229,False
boltz2,0.23,5,deeprank_ab - abag_rank,0.2007709220851063,0.07896132583915012,0.32868742568261516,True
boltz2,0.23,5,deeprank_ab - iptm,0.269602892227358,0.1261170399443573,0.4169658589519524,True
boltz2,0.23,50,iptm - ranking_score,-0.08876159879031802,-0.2247551773960506,0.03297516478360117,False
boltz2,0.23,50,ptm - ranking_score,-0.20734740239559957,-0.3647986813860191,-0.0730305732788067,True
boltz2,0.23,50,complex_plddt - ranking_score,0.23420672474276694,0.09235877009546442,0.3995695575091326,True
boltz2,0.23,50,pdockq2 - ranking_score,0.0008647009722942688,-0.16513377315630534,0.1678457874476171,False
boltz2,0.23,50,ipsae - ranking_score,-0.17742108152917874,-0.3291652782180175,-0.05617957804815318,True
boltz2,0.23,50,anticonf - ranking_score,0.0007924633389530529,-0.14451259028525443,0.14390767000260354,False
boltz2,0.23,50,pss - ranking_score,0.1445957879347916,-0.028110217544578465,0.3229417324273844,False
boltz2,0.23,50,deeprank_ab - ranking_score,0.1784091361254788,0.0,0.38049208366012016,False
boltz2,0.23,50,abag_rank - ranking_score,0.058921555360112156,-0.12202935249267337,0.24652539668308143,False
boltz2,0.23,50,deeprank_ab - abag_rank,0.11948758076536663,0.0,0.26635734364459346,False
boltz2,0.23,50,deeprank_ab - iptm,0.2671707349157968,0.07489200481923716,0.47213145714329957,True
boltz2,0.8,5,iptm - ranking_score,-0.1370293762401282,-0.21548916127567916,-0.055555555555555,True
boltz2,0.8,5,ptm - ranking_score,-0.1533528411155913,-0.22580770776806502,-0.07603577198889026,True
boltz2,0.8,5,complex_plddt - ranking_score,0.1305601811837436,-0.09665301803459611,0.37558153182661747,False
boltz2,0.8,5,pdockq2 - ranking_score,-0.019934982832777212,-0.15936758417272273,0.15616883312633387,False
boltz2,0.8,5,ipsae - ranking_score,-0.25253803971241384,-0.4165507608178791,-0.10416608342665111,True
boltz2,0.8,5,anticonf - ranking_score,-0.06790076134342891,-0.15983285707179296,0.033826244569683875,False
boltz2,0.8,5,pss - ranking_score,0.10473116757996379,-0.22542437349086863,0.44799526193456013,False
boltz2,0.8,5,deeprank_ab - ranking_score,0.186559909408381,-0.11255466136297748,0.5388508164890962,False
boltz2,0.8,5,abag_rank - ranking_score,-0.17149689447101288,-0.4506357377523967,0.12598779882244412,False
boltz2,0.8,5,deeprank_ab - abag_rank,0.3580568038793938,0.16216216216216223,0.5550424772678673,True
boltz2,0.8,5,deeprank_ab - iptm,0.3235892856485092,-0.007519982174857194,0.7078848638670975,False
boltz2,0.8,50,iptm - ranking_score,-0.15060224605546751,-0.5128369704749681,0.0,False
boltz2,0.8,50,ptm - ranking_score,-0.31074181450371424,-0.8522878707113783,0.0,False
boltz2,0.8,50,complex_plddt - ranking_score,0.5132236217719507,-0.15140906955346053,1.5404463468039105,False
boltz2,0.8,50,pdockq2 - ranking_score,0.3478276171483334,-0.24171382821045065,1.244499851588007,False
boltz2,0.8,50,ipsae - ranking_score,-0.15508261864232975,-0.6920415224913492,0.34100596760443275,False
boltz2,0.8,50,anticonf - ranking_score,0.18393519806732936,-0.3273322422258591,0.8958566629339302,False
boltz2,0.8,50,pss - ranking_score,0.3060935192099201,-0.2736246723193042,1.1764805922368942,False
boltz2,0.8,50,deeprank_ab - ranking_score,0.6490143092136261,0.0,1.6514140571688527,False
boltz2,0.8,50,abag_rank - ranking_score,0.6631682318356925,0.0,1.7064967787978371,False
boltz2,0.8,50,deeprank_ab - abag_rank,-0.014153922622066481,-0.526362120088955,0.40955631399317427,False
boltz2,0.8,50,deeprank_ab - iptm,0.7996165552690935,0.0,1.8333715596330271,False
