target,gen,mean_tm,sd_tm,pss,oracle50_dockq,failing
21av,boltz2,0.8083807126530612,0.1270858670970396,0.326808,0.039637303624623886,True
21du,boltz2,0.7225263934693877,0.13994938178217048,0.234777,0.7221776083192958,False
21tw,boltz2,0.6342917453061224,0.11690349760706273,0.117664,0.08210842086210712,True
22ps,boltz2,0.7193684334693878,0.09413693883884493,0.173684,0.045596050644392726,True
9ck4,boltz2,0.9163540693877551,0.04973915159434247,0.477655,0.20845490466530073,True
9d3j,boltz2,0.8809202408163266,0.05849184787695098,0.356274,0.5362623572008953,False
9d72,boltz2,0.7613741208163265,0.10595952400313775,0.206719,0.015880658475104257,True
9d73,boltz2,0.9649778604081632,0.02957247693295761,0.872201,0.8426996725650411,False
9d74,boltz2,0.9750858048979593,0.018892457512994506,0.880642,0.7955212365530985,False
9dsg,boltz2,0.9008327559183673,0.0730726224668729,0.506542,0.029782327137533926,True
9fte,boltz2,0.8289832195918367,0.06395088104175164,0.318556,0.11156079537159998,True
9gei,boltz2,0.5661773493877551,0.0705222876061668,0.059,0.028383788562542745,True
9gfr,boltz2,0.8450212465306122,0.062106634266016154,0.154029,0.3523391135893015,False
9gvn,boltz2,0.8627113518367348,0.08035275206603443,0.287806,0.17768573126834122,True
9hv9,boltz2,0.9737716693877553,0.018875754192886902,0.81359,0.011402644177991741,True
9i3p,boltz2,0.5209239616326531,0.1005170495973823,0.047172,0.14534472932216885,True
9i5n,boltz2,0.7959531657142856,0.1295834363656643,0.397584,0.012008467604332681,True
9iar,boltz2,0.8998214612244897,0.08983885010782275,,0.48123803704607476,False
9ivj,boltz2,0.7729743665306122,0.0799781542319918,,0.039165778472203344,True
9j4c,boltz2,0.8985473126530612,0.09849788838659519,0.500652,0.0047387826548189625,True
9j87,boltz2,0.4961320832653061,0.09784840625379526,0.074386,0.0452434791498253,True
9jkr,boltz2,0.9966368971428573,0.0016013269265665077,0.964247,0.9194309489672139,False
9jno,boltz2,0.7169132555102041,0.07356778406805037,0.081386,0.5055371884781713,False
9k6j,boltz2,0.7993713224489796,0.12448418349326554,0.370708,0.8433854121605512,False
9kwy,boltz2,0.8210074987755103,0.10397484429695737,0.260715,0.39703396268181135,False
9l1l,boltz2,0.7763705673469388,0.0987110187327685,0.216897,0.03368551213363377,True
9l8z,boltz2,0.9439282693877551,0.07935077893377493,0.705983,0.3867521083602712,False
9l9o,boltz2,0.8365958563265306,0.08443581197486809,0.54954,0.3862448689014711,False
9l9y,boltz2,0.9762535518367347,0.020938198467676312,,0.03489285377537882,True
9lbw,boltz2,0.8730994857142859,0.10296923355160859,0.532421,0.007794467359466341,True
9ldx,boltz2,0.5402848146938776,0.0993288165575695,0.057076,0.6135876502513823,False
9le0,boltz2,0.5402848146938776,0.0993288165575695,0.057076,0.6372503451048789,False
9lh2,boltz2,0.6681396881632653,0.07099232785778221,0.098352,0.09900030059746175,True
9lme,boltz2,0.8292035910204082,0.11890366037252073,,0.3221988403072695,False
9loe,boltz2,0.679865092244898,0.11543518661540213,0.099535,0.04912720252611491,True
9lof,boltz2,0.6807842971428572,0.1101718107028933,0.127579,0.18993573497137936,True
9log,boltz2,0.703283335510204,0.13718698200060817,0.209304,0.08834792746426146,True
9loz,boltz2,0.8327971844897959,0.18728553131304193,0.558475,0.8696601090053898,False
9lp1,boltz2,0.7408798367346938,0.1646464910553674,0.31073,0.8618745345376606,False
9lqw,boltz2,0.9916124285714285,0.002632641347330371,0.918817,0.8062094297097481,False
9lr1,boltz2,0.9910404187755103,0.0038687841623475396,0.904547,0.667409812578399,False
9lsy,boltz2,0.699016613877551,0.17827305941880936,0.315794,0.02084176446951747,True
9lsz,boltz2,0.827973824489796,0.09919139405820042,0.274823,0.022885525483293038,True
9lwc,boltz2,0.7871222857142857,0.11364269367766999,0.377855,0.07886116104600345,True
9lxp,boltz2,0.9784677714285714,0.01566792555150001,0.872156,0.7772357336014074,False
9ly2,boltz2,0.6946817020408164,0.12667885582841087,0.155143,,
9ly3,boltz2,0.7508381183673469,0.11478900183314455,0.159321,,
9ly5,boltz2,0.9186783151020408,0.05141259558764041,0.532802,0.2757440035867855,False
9ly6,boltz2,0.6358430612244899,0.1138540244113054,0.179473,0.009566538659636555,True
9lz0,boltz2,0.9873145412244898,0.007266078733748708,0.918605,0.8832664242888004,False
9lz1,boltz2,0.9873145412244898,0.007266078733748708,0.918605,0.8940925263997813,False
9lz2,boltz2,0.6918583951020408,0.15439979247379193,0.17743,,
9m0j,boltz2,0.8370261126530613,0.1387210754715697,0.472345,0.6738850569804002,False
9m0x,boltz2,0.644472373877551,0.14447969722705062,0.168624,0.7743467764541975,False
9m0z,boltz2,0.6351176065306122,0.11573815478605971,0.128647,0.7267807122894455,False
9m1p,boltz2,0.6351176065306122,0.11573815478605971,0.128647,0.7441752776645191,False
9m2o,boltz2,0.6488454840816327,0.13033228212301906,0.144988,0.7280350201810405,False
9m2s,boltz2,0.6351176065306122,0.11573815478605971,0.128647,0.7336608728491006,False
9m3q,boltz2,0.6351176065306122,0.11573815478605971,0.128647,0.7505636903922114,False
9m3s,boltz2,0.6368414032653061,0.13280778466302123,0.141664,0.7330384815083916,False
9m40,boltz2,0.9252186008163265,0.031049763047842783,0.626129,0.07028946763715284,True
9m72,boltz2,0.803040586122449,0.1280315591169142,0.298461,0.07190713212108163,True
9m8k,boltz2,0.7152085363265306,0.13533214299035895,0.266191,0.0425898694361479,True
9m8l,boltz2,0.6433788938775511,0.09392828352462647,0.104928,0.10712961838184966,True
9ma0,boltz2,0.7933561828571428,0.1200827870325558,0.273988,0.01132218757346258,True
9mmj,boltz2,0.9390526995918368,0.07181938832522987,0.733932,0.43575036098159114,False
9mnb,boltz2,0.9958781453061225,0.0026440219771440687,0.957261,0.8668007581140333,False
9mns,boltz2,0.7665949567346938,0.09536149391918383,0.133248,0.19448610104483197,True
9mnt,boltz2,0.8039092987755101,0.05369578596212486,0.112961,0.6208847657610962,False
9mnu,boltz2,0.8564938857142856,0.058911016855219184,0.253383,0.10868207501688187,True
9msc,boltz2,0.8827656359183673,0.11406343248580489,0.513594,0.1314200876514899,True
9mxu,boltz2,0.8606292000000001,0.11018841117787889,0.536191,0.08084074746030295,True
9mz6,boltz2,0.9807058497959183,0.029719532674524554,0.616203,0.5601517663416505,False
9mz7,boltz2,0.9465992057142858,0.05109782477924812,0.653919,0.30073742080547855,False
9mz8,boltz2,0.9581736612244898,0.06451554079171684,0.584842,0.6152264294346338,False
9mze,boltz2,0.794405907755102,0.1177002353184705,0.40299,0.08311206122787283,True
9mzf,boltz2,0.7941166751020408,0.11868870268252567,0.396125,0.06510872182955635,True
9n05,boltz2,0.9121512302040817,0.0636640839674134,0.642481,0.07803938232525971,True
9n09,boltz2,0.6735950571428572,0.1444841286459901,0.203952,0.7480821086129872,False
9n0e,boltz2,0.8027313640816326,0.12312438180285827,0.425366,0.07211736350304764,True
9n1p,boltz2,0.9121512302040817,0.0636640839674134,0.642481,0.08101579756018,True
9n1q,boltz2,0.7955284122448979,0.12636506829532557,0.412285,0.06345751795606121,True
9n2i,boltz2,0.7983435142857143,0.11641729258703234,0.418275,0.06347778819838965,True
9n38,boltz2,0.7987720832653062,0.15044873135930964,0.389905,0.3688809057618441,False
9n8i,boltz2,0.8182631567346939,0.08617182587065433,0.23546,0.9004306222909514,False
9n8n,boltz2,0.6824905902040818,0.10319567738825024,0.14501,0.007496619806477224,True
9ncd,boltz2,0.8898235004081634,0.03542716464776423,0.157645,0.057781547334159,True
9ncy,boltz2,0.9166940726530612,0.059294852145228574,0.433889,0.3444435293366979,False
9nkz,boltz2,0.9894894277551022,0.009117852180038102,0.958249,0.9356944341358896,False
9nl0,boltz2,0.9929864799999999,0.006691689693926647,0.96833,0.8740872151890348,False
9nl1,boltz2,0.9862661469387756,0.008696085148258148,0.595907,0.7141580176894186,False
9np0,boltz2,0.7556448440816327,0.15759051557217216,0.318895,0.007074160692600441,True
9nw4,boltz2,0.9378269428571427,0.10412633287464623,0.459808,0.6912885538661427,False
9nw7,boltz2,0.9313092040816326,0.10280259462681716,0.652918,0.07661738368325306,True
9nw8,boltz2,0.9313092040816326,0.10280259462681716,0.652918,0.07742576814100342,True
9nw9,boltz2,0.9313092040816326,0.10280259462681716,0.652918,0.08417750753594783,True
9nzf,boltz2,0.9904945012244897,0.00723181682946246,0.946468,0.8634449721234349,False
9obn,boltz2,0.9724157485714285,0.011632822795709367,0.82164,0.7069954215963375,False
9ppw,boltz2,0.680336346122449,0.10975014732333283,0.181982,0.04390964558998228,True
9ppy,boltz2,0.6956094016326531,0.12655206793575777,0.199694,0.04164382307440345,True
9pso,boltz2,0.9079129763265307,0.08320272443716484,0.657475,0.0384997039883512,True
9q1l,boltz2,0.9908812620408165,0.004360887693838651,,0.8952220497586492,False
9q6h,boltz2,0.9309316448979592,0.0539329003759795,0.418107,0.02282829190913926,True
9q6n,boltz2,0.9264425412244899,0.05268072698791891,0.438523,0.031027658819318942,True
9q6y,boltz2,0.8643286424489797,0.06746251500482803,0.19861,0.4113970099646623,False
9q6z,boltz2,0.8643286424489797,0.06746251500482803,0.19861,0.4534755644575717,False
9q7y,boltz2,0.5437650146938776,0.09159862484271986,0.040593,0.5742348544512574,False
9qqe,boltz2,0.8976271608163265,0.07787858552608627,0.603108,0.08479064316713841,True
9qqf,boltz2,0.696038706122449,0.11863430060523486,0.153043,0.032526460538022564,True
9qrv,boltz2,0.8661436081632653,0.10953150470818483,0.724448,0.7739295680915655,False
9rig,boltz2,0.6389303216326531,0.11313376265976907,0.13035,0.09763593618915739,True
9rih,boltz2,0.592376186122449,0.11214415047236581,0.134909,0.23508005386432893,False
9rn6,boltz2,0.7544622204081632,0.09293201250645544,0.258255,0.5858852153857103,False
9rye,boltz2,0.9282637665306123,0.053534946300891804,0.895376,0.8883327764712569,False
9ryf,boltz2,0.9282637665306123,0.053534946300891804,0.895376,0.8836688885079923,False
9sat,boltz2,0.8395561453061225,0.1031547556799467,0.345853,0.1412763880714251,True
9sbb,boltz2,0.7256127795918368,0.12198309039260732,0.144033,0.09421304073291363,True
9ssm,boltz2,0.8156657004081633,0.11431763828167389,0.318993,0.14042332768849602,True
9t3r,boltz2,0.7043971134693877,0.07714173205833125,0.082837,0.06401252193234001,True
9t3s,boltz2,0.8803090497959184,0.09238965121394858,0.416812,0.012502625064542257,True
9th6,boltz2,0.894366127346939,0.05149495334591603,0.382301,0.008745329372749244,True
9tmp,boltz2,0.994419813877551,0.003086084725854809,0.972156,0.9695011258268694,False
9u5p,boltz2,0.9959049657142859,0.0022515046032412023,0.97051,0.9080518940290908,False
9u5q,boltz2,0.9959998938775511,0.0018028946584740758,0.971877,0.9097631500530854,False
9u5r,boltz2,0.9963247591836735,0.0021633364786751686,0.971501,0.894347802521323,False
9ua5,boltz2,0.7144698685714286,0.1416696474260809,0.357303,0.009693142992970595,True
9udq,boltz2,0.9019556734693878,0.04543156543094722,0.24794,0.12751509483590934,True
9ue0,boltz2,0.8687442293877549,0.03234776364644327,0.112584,0.13826710348829346,True
9ugo,boltz2,0.8268873436734694,0.04652270758241209,0.057675,0.20887598842470037,True
9uk2,boltz2,0.5835683763265306,0.14205703328893463,0.117735,0.0337847179837386,True
9ull,boltz2,0.9933080383673468,0.006195302810487149,,0.6924721450216129,False
9ulm,boltz2,0.9684704587755101,0.04848827686417904,,0.6482771661750898,False
9ulp,boltz2,0.9342383404081632,0.07485776098556705,0.613104,0.2417959327185443,False
9uo0,boltz2,0.9291829771428571,0.0729482597820012,0.682749,0.7739721347276399,False
9uoc,boltz2,0.6675874889795919,0.09766752619815361,0.107205,0.09745618534739516,True
9uoi,boltz2,0.8401525502040816,0.1093150127111109,0.382116,0.11934799455234046,True
9v0x,boltz2,0.6562539820408164,0.14489241370788755,0.213389,0.0175290292679875,True
9v1h,boltz2,0.5331520628571428,0.11081110258483609,0.099286,0.6084730413606979,False
9ve0,boltz2,0.849358973877551,0.16543210482027934,0.435584,0.027697181132443943,True
9vmn,boltz2,0.5428343436734694,0.11059631336583017,0.08831,0.03667812068021494,True
9vmo,boltz2,0.5428343436734694,0.11059631336583017,0.08831,0.03586131444585195,True
9vnp,boltz2,0.9140552800000001,0.09407185291816628,0.660778,0.31595364464319897,False
9vo2,boltz2,0.5428343436734694,0.11059631336583017,0.08831,0.03541788903283182,True
9w14,boltz2,0.9158553640816327,0.1341634789179828,0.720051,0.8991024050642352,False
9wb3,boltz2,0.9959998938775511,0.0018028946584740758,0.971877,0.9097631500530854,False
9wb4,boltz2,0.9959998938775511,0.0018028946584740758,0.971877,0.9097631500530854,False
9wpm,boltz2,0.9140514171428571,0.08560708154343041,0.529386,0.21971292768420903,True
9wwh,boltz2,0.8725145673469389,0.1431110308631691,,0.6758408835731928,False
9x05,boltz2,0.9223255502040816,0.11025629304044897,0.699457,0.6563656072612969,False
9x0j,boltz2,0.9507430236734692,0.07771334227070356,0.802254,0.638193515452507,False
9x3z,boltz2,0.5331520628571428,0.11081110258483609,0.099286,0.4299005538141995,False
9xqb,boltz2,0.6665012489795918,0.11732089726864194,0.144414,0.4153360739618534,False
9xqc,boltz2,0.5323302848979592,0.1095735149816242,0.080049,0.03494409062377613,True
9xqn,boltz2,0.9040893012244897,0.045920683193736,0.814228,0.655932903692502,False
9xsx,boltz2,0.7441775387755102,0.11161487353613254,0.14031,0.09287719659518429,True
9xth,boltz2,0.7345803355102041,0.07483802607999686,0.101343,0.1825008005976196,True
9y0a,boltz2,0.8041239926530612,0.05315272878993395,0.130128,0.6938353035866106,False
9y0e,boltz2,0.8074471616326531,0.06388997034542737,0.157331,0.6593716661822101,False
9yc5,boltz2,0.8079278726530612,0.12271599883350418,0.381045,0.08111015293228177,True
9yio,boltz2,0.8731617665306123,0.05220484316835785,0.327194,0.021394703722093362,True
9ynx,boltz2,0.7647265502040816,0.10973142651488665,,0.15201572500757965,True
9yxd,boltz2,0.910621791020408,0.05671009389761516,0.342317,0.7602588616998641,False
9zdu,boltz2,0.9318880914285713,0.04542576806956607,0.739274,0.908380863812762,False
9zen,boltz2,0.6142389420408164,0.12399489865948611,0.161652,0.23660151474703361,False
21av,opendde-abag,0.6725587355102041,0.15876613736983525,0.177846,0.07969073829870153,True
21du,opendde-abag,0.9755813681632654,0.025196675655023537,0.921527,0.7603298989379489,False
21tw,opendde-abag,0.9528276473469386,0.04256763269197503,0.909115,0.2473440749514257,False
22ps,opendde-abag,0.8353477665306123,0.08636194460083052,0.640974,0.3847370338962916,False
9ck4,opendde-abag,0.9822620848979591,0.010467515221950809,0.868001,0.4415019428103257,False
9d3j,opendde-abag,0.9861601632653061,0.006054059294717609,0.950863,0.2960660287171124,False
9d72,opendde-abag,0.9259240579591836,0.07170150871873453,0.590641,0.009961728471935159,True
9d73,opendde-abag,0.9922658342857142,0.005211640448493689,0.964681,0.9495107914358343,False
9d74,opendde-abag,0.9939731461224489,0.003738729071062986,0.95443,0.8650430183220638,False
9dsg,opendde-abag,0.8462443869387756,0.14029115035109938,0.386815,0.03200320118329097,True
9fte,opendde-abag,0.9571743102040815,0.042602516244476876,0.603021,0.16525803902585376,True
9gei,opendde-abag,0.5511354791836736,0.14498310743748727,0.121837,0.1776021905741522,True
9gfr,opendde-abag,0.880063208979592,0.021997747362344902,0.100026,0.4267075978212746,False
9gvn,opendde-abag,0.9982977542857143,0.0010110037295960606,0.986015,0.6813945723772031,False
9hv9,opendde-abag,0.9951427232653061,0.004477797306638193,0.950629,0.011265104189153363,True
9i3p,opendde-abag,0.9444363624489795,0.06174299708689815,0.828177,0.7112541891431422,False
9i5n,opendde-abag,0.8129605444897959,0.14627255769305053,0.40299,0.11954452617731127,True
9iar,opendde-abag,0.961314813877551,0.06079042486244342,,0.717130220779392,False
9ivj,opendde-abag,0.8234780791836736,0.09423438209884152,,0.014213042756651466,True
9j4c,opendde-abag,0.7131170824489796,0.16767741909858644,0.227564,0.5908799027765356,False
9j87,opendde-abag,0.902925267755102,0.05434541896871384,0.863016,0.8058555713744019,False
9jkr,opendde-abag,0.9969578702040816,0.0019498742469891185,0.983553,0.922851272305539,False
9jno,opendde-abag,0.9904406751020408,0.005712483260061437,0.887542,0.8647499620316301,False
9k6j,opendde-abag,0.9955129665306123,0.00484993921776579,0.980353,0.8324422717830086,False
9kwy,opendde-abag,0.7724573820408164,0.09922862079258862,0.162928,0.379085310594959,False
9l1l,opendde-abag,0.9050660138775509,0.07878174165285348,0.523026,0.021055220156738583,True
9l8z,opendde-abag,0.9949707983673468,0.0028205104012263282,0.958214,0.9474734443674473,False
9l9o,opendde-abag,0.5930719755102041,0.11507104001633882,0.074165,0.27401153912685644,False
9l9y,opendde-abag,0.8541400440816327,0.09396807903864783,,0.20243656531315146,True
9lbw,opendde-abag,0.9717734759183674,0.019831419420450677,0.879197,0.03756842316658227,True
9ldx,opendde-abag,0.749828787755102,0.17154772892483663,0.411483,0.5682332708235681,False
9le0,opendde-abag,0.749828787755102,0.17154772892483663,0.411483,0.6255806287761564,False
9lh2,opendde-abag,0.6928133942857143,0.11918195276314436,0.152864,0.09339843992373469,True
9lme,opendde-abag,0.9346209763265305,0.09918176508450847,,0.14606706942857628,True
9loe,opendde-abag,0.6898441387755102,0.15691650680582972,0.134336,0.12985159056439563,True
9lof,opendde-abag,0.623057613877551,0.12486749866026842,0.095494,0.07595409769548615,True
9log,opendde-abag,0.6259135395918367,0.13738332762840377,0.095414,0.08086667972334496,True
9loz,opendde-abag,0.9978972391836733,0.0010819527293303793,0.989388,0.9490685836085203,False
9lp1,opendde-abag,0.9973884024489795,0.0012587411050185777,0.990851,0.9373700525060241,False
9lqw,opendde-abag,0.9970811428571428,0.0017563962455632185,0.983075,0.8181609000834505,False
9lr1,opendde-abag,0.9960030824489795,0.0017019690216784746,0.975185,0.7205419680815704,False
9lsy,opendde-abag,0.9754827763265307,0.01606031471017832,0.945943,0.7538084841323173,False
9lsz,opendde-abag,0.9835437575510204,0.01062165902291999,0.877085,0.7343537289960548,False
9lwc,opendde-abag,0.6857347551020408,0.10411538892464174,0.121661,0.11308808148625883,True
9lxp,opendde-abag,0.9924192367346939,0.012385339804104703,0.919224,0.6229321378702475,False
9ly2,opendde-abag,0.9421001102040816,0.05143436985672583,0.580532,,
9ly3,opendde-abag,0.9014816963265306,0.06285210094979557,0.585155,,
9ly5,opendde-abag,0.9557622742857144,0.07144471079504504,0.90475,0.6933236481544364,False
9ly6,opendde-abag,0.6255173420408163,0.12174260936640117,0.127758,0.023280521345670945,True
9lz0,opendde-abag,0.9968366057142859,0.0014975866731920572,0.943343,0.8293178610212442,False
9lz1,opendde-abag,0.9968366057142859,0.0014975866731920572,0.943343,0.8459768461270721,False
9lz2,opendde-abag,0.9835694930612244,0.011919867013714782,0.800157,,
9m0j,opendde-abag,0.9505258726530612,0.026614953763659667,0.758715,0.5077376058973431,False
9m0x,opendde-abag,0.9738351232653062,0.031333644207300615,0.820189,0.8126923783980061,False
9m0z,opendde-abag,0.963908968979592,0.034804194198539494,0.728388,0.7869641488324545,False
9m1p,opendde-abag,0.972539224489796,0.03268416070430303,0.796762,0.8201157612223895,False
9m2o,opendde-abag,0.9865296726530612,0.01499437244540829,0.899498,0.6090376682745815,False
9m2s,opendde-abag,0.963908968979592,0.034804194198539494,0.728388,0.799050888413159,False
9m3q,opendde-abag,0.972539224489796,0.03268416070430303,0.796762,0.8059186528973453,False
9m3s,opendde-abag,0.9777239616326531,0.030604068066966316,0.819009,0.813595071728683,False
9m40,opendde-abag,0.9745323167346938,0.02457522142074115,0.911763,0.8464402673796556,False
9m72,opendde-abag,0.7616778816326532,0.1152195199193504,0.200753,0.07712593847766823,True
9m8k,opendde-abag,0.9362710644897958,0.040346284951824254,0.882231,0.6765913305180818,False
9m8l,opendde-abag,0.9595672448979592,0.10944802371692994,0.879648,0.8988407020202889,False
9ma0,opendde-abag,0.7790405608163266,0.11316040907833849,0.208475,0.24340940474806114,False
9mmj,opendde-abag,0.9815137534693876,0.04023076467133638,0.824772,0.8549223148380412,False
9mnb,opendde-abag,0.9874720971428571,0.03479863542674661,0.970718,0.9217719308835314,False
9mns,opendde-abag,0.7956684024489796,0.08839450930248217,0.201309,0.5521623477395027,False
9mnt,opendde-abag,0.9127263265306124,0.08027555974924244,0.750754,0.6711881512938871,False
9mnu,opendde-abag,0.8934807575510203,0.06683180158331073,0.390645,0.23778827573133057,False
9msc,opendde-abag,0.7226216,0.18656496856570706,0.241031,0.16394857439388397,True
9mxu,opendde-abag,0.9805439151020409,0.009864626290476061,0.955925,0.8517229130637075,False
9mz6,opendde-abag,0.992538706122449,0.006644757425906998,0.850702,0.8204573108441559,False
9mz7,opendde-abag,0.9938230375510204,0.00788542135150905,0.961611,0.9578305652553993,False
9mz8,opendde-abag,0.9966238767346937,0.003986484213028322,0.969172,0.971121201882205,False
9mze,opendde-abag,0.9710053853061225,0.02055236721079734,0.946587,0.8278551050818018,False
9mzf,opendde-abag,0.9750701697959184,0.013244507178532153,0.949448,0.8816656806751547,False
9n05,opendde-abag,0.974644127346939,0.0213906943121924,0.89247,0.8444405382909116,False
9n09,opendde-abag,0.9364085273469389,0.023867372735510345,0.761096,0.8988142407702316,False
9n0e,opendde-abag,0.980375610612245,0.017198610154935148,0.92661,0.8147246141444898,False
9n1p,opendde-abag,0.974644127346939,0.0213906943121924,0.89247,0.8052137181964646,False
9n1q,opendde-abag,0.9774767232653061,0.021810047529600158,0.92046,0.7387665694130053,False
9n2i,opendde-abag,0.9814421224489795,0.017099958214190088,0.935615,0.8003389987621913,False
9n38,opendde-abag,0.9946503697959185,0.0029470640013662627,0.984123,0.8496983781358617,False
9n8i,opendde-abag,0.8277007273469387,0.09143646881575557,0.226743,0.13932477461637885,True
9n8n,opendde-abag,0.7155365053061225,0.1050488330547516,0.148482,0.03970450768071734,True
9ncd,opendde-abag,0.979064692244898,0.04371048104271202,0.944782,0.889288638163412,False
9ncy,opendde-abag,0.9857039314285714,0.021858876148234826,0.970287,0.6955357543453694,False
9nkz,opendde-abag,0.990462373877551,0.008766050542291636,0.938098,0.2657475092836834,False
9nl0,opendde-abag,0.9867159273469387,0.014829266268513644,0.989275,0.21386972077078603,True
9nl1,opendde-abag,0.952947883265306,0.10741717230150337,0.964788,0.8368154061127949,False
9np0,opendde-abag,0.9974949200000001,0.0014058037747821841,0.98141,0.05164106233461611,True
9nw4,opendde-abag,0.9961471028571429,0.004316518151742022,0.983484,0.9472175460676199,False
9nw7,opendde-abag,0.746673064489796,0.11812766415422682,0.172897,0.03495758563236278,True
9nw8,opendde-abag,0.746673064489796,0.11812766415422682,0.172897,0.03590052758924584,True
9nw9,opendde-abag,0.746673064489796,0.11812766415422682,0.172897,0.03771751319525424,True
9nzf,opendde-abag,0.9890736604081631,0.011120502598344168,0.992442,0.8549476173603789,False
9obn,opendde-abag,0.9886551110204082,0.0038672616135548015,0.953595,0.6580273907430151,False
9ppw,opendde-abag,0.7557555036734693,0.14334390957961615,0.408673,0.69162199131804,False
9ppy,opendde-abag,0.7156791689795918,0.1392722804827249,0.407983,0.8177792067996114,False
9pso,opendde-abag,0.9712252710204081,0.055878431430456066,0.948557,0.831647648559184,False
9q1l,opendde-abag,0.9956643828571429,0.002887483977224209,,0.9733785370613265,False
9q6h,opendde-abag,0.9978707461224487,0.0008676561361785142,0.958549,0.8736568302239327,False
9q6n,opendde-abag,0.9968722481632653,0.0017952568351434486,0.954928,0.8204095605556093,False
9q6y,opendde-abag,0.8489667681632653,0.06563238106674117,0.148692,0.21927138325446457,True
9q6z,opendde-abag,0.8489667681632653,0.06563238106674117,0.148692,0.24760563280955883,False
9q7y,opendde-abag,0.8223226334693877,0.03179671941741376,0.625649,0.5711493948321947,False
9qqe,opendde-abag,0.6793680489795918,0.18614686507574443,0.27752,0.07308952902349265,True
9qqf,opendde-abag,0.9480845053061224,0.08666661636230875,0.772223,0.03076491493092177,True
9qrv,opendde-abag,0.8733635322448978,0.03437467606787603,0.150479,0.09795119854953732,True
9rig,opendde-abag,0.6186527412244898,0.13600357368234767,0.16575,0.3581190195080078,False
9rih,opendde-abag,0.6625101028571427,0.1594388950267143,0.265764,0.43886163204054657,False
9rn6,opendde-abag,0.9861941918367348,0.00728952479411484,0.944085,0.810388675409877,False
9rye,opendde-abag,0.9902024130612245,0.005512186247185968,0.973061,0.9002477487925681,False
9ryf,opendde-abag,0.9902024130612245,0.005512186247185968,0.973061,0.8889423166027811,False
9sat,opendde-abag,0.7942502587755101,0.09025637678035567,0.202246,0.42836117697001413,False
9sbb,opendde-abag,0.9288588783673469,0.11393954014923656,0.90935,0.9513051362330822,False
9ssm,opendde-abag,0.8147290775510203,0.09201417791575132,0.214375,0.07799839014246608,True
9t3r,opendde-abag,0.8756484481632654,0.0880796521498579,0.838474,0.005841659463691276,True
9t3s,opendde-abag,0.88074289877551,0.08833207843113186,0.905686,0.004236696166029025,True
9th6,opendde-abag,0.9668991820408163,0.017428850477541363,0.975528,0.9155632992200905,False
9tmp,opendde-abag,0.9861386857142858,0.009944399976522526,0.870572,0.21417466271571853,True
9u5p,opendde-abag,0.9983602416326531,0.0008923356275672877,0.98428,0.9212719676308755,False
9u5q,opendde-abag,0.9984143428571428,0.0007397922532435602,0.979723,0.9306159973987446,False
9u5r,opendde-abag,0.9983614285714285,0.0008605779595654288,0.980679,0.9199358381999329,False
9ua5,opendde-abag,0.9644781918367346,0.016046195679335497,0.810273,0.44968344471916155,False
9udq,opendde-abag,0.9842859812244896,0.022148537486200003,0.841852,0.1262606574428346,True
9ue0,opendde-abag,0.9021163273469388,0.052508679904103656,0.268867,0.6538674653804817,False
9ugo,opendde-abag,0.8854603183673471,0.04520775873306268,0.190631,0.18016973053955299,True
9uk2,opendde-abag,0.907653732244898,0.08332146003493217,0.84772,0.7515550671022245,False
9ull,opendde-abag,0.9771231224489796,0.06091617176290597,,0.9809997973473417,False
9ulm,opendde-abag,0.9679301714285715,0.0768507767036607,,0.9573276074037363,False
9ulp,opendde-abag,0.9968268261224489,0.0019429371012882834,0.965185,0.8138031639900457,False
9uo0,opendde-abag,0.9959465885714287,0.0022919666857713506,0.949222,0.7463208461402586,False
9uoc,opendde-abag,0.9962745567346939,0.001641513818079043,0.961086,0.8503795842630288,False
9uoi,opendde-abag,0.6908491665306122,0.08432784446190866,0.097404,0.7364249135503665,False
9v0x,opendde-abag,0.9562348236734693,0.02400469998673157,0.805555,0.01208721444747427,True
9v1h,opendde-abag,0.9273660889795918,0.07346239607440043,0.887927,0.7611460739829582,False
9ve0,opendde-abag,0.9952188130612246,0.002869233048941047,0.973709,0.9487330474383043,False
9vmn,opendde-abag,0.8943410881632654,0.12137807814861719,0.830481,0.812261116348496,False
9vmo,opendde-abag,0.8943410881632654,0.12137807814861719,0.830481,0.8013985374112625,False
9vnp,opendde-abag,0.8069732702040816,0.144138463073446,0.190894,0.6537297416758086,False
9vo2,opendde-abag,0.8943410881632654,0.12137807814861719,0.830481,0.8165889555030277,False
9w14,opendde-abag,0.9978835502040817,0.0009942550993490506,0.973042,0.9026632955205112,False
9wb3,opendde-abag,0.9984261151020408,0.0007290172153117554,0.979101,0.9266152852295436,False
9wb4,opendde-abag,0.9984143428571428,0.0007397922532435602,0.979723,0.9306159973987446,False
9wpm,opendde-abag,0.807226601632653,0.09595277512570739,0.232137,0.06606724252485956,True
9wwh,opendde-abag,0.9388252873469388,0.11174381133243788,,0.7763717946515172,False
9x05,opendde-abag,0.9585176955102042,0.081352274807864,0.949606,0.8368864741279709,False
9x0j,opendde-abag,0.9909724097959184,0.005456676794778993,0.972875,0.8375626967475424,False
9x3z,opendde-abag,0.9273660889795918,0.07346239607440043,0.887927,0.8157064537810123,False
9xqb,opendde-abag,0.9921141453061225,0.005009908011061112,0.951946,0.14072524160646271,True
9xqc,opendde-abag,0.7028321608163266,0.15047709328260936,0.467191,0.8458381413098456,False
9xqn,opendde-abag,0.7478503387755102,0.16569723766066782,0.321389,0.10105573097595062,True
9xsx,opendde-abag,0.9816802693877552,0.05063477414828104,0.931068,0.8299964958725868,False
9xth,opendde-abag,0.9921664448979591,0.005243823800689535,0.912429,0.7180494220293632,False
9y0a,opendde-abag,0.9346621632653062,0.12150398994046463,0.905681,0.9079077484350656,False
9y0e,opendde-abag,0.9803469861224489,0.060544621083848116,0.936919,0.9352791066393339,False
9yc5,opendde-abag,0.9914217787755102,0.005265991948888035,0.956939,0.8097763645371002,False
9yio,opendde-abag,0.9938953657142857,0.002914972499490119,0.941196,0.7403070625197493,False
9ynx,opendde-abag,0.96446485877551,0.047931764518055676,,0.4761009289861402,False
9yxd,opendde-abag,0.9817477534693876,0.0134313917723247,0.86004,0.8038770380036961,False
9zdu,opendde-abag,0.989846244897959,0.010187130833998578,0.978543,0.9563254538233115,False
9zen,opendde-abag,0.7251119869387755,0.14922401302576918,0.310504,0.4513424191036311,False
21av,protenix-v2,0.8416963967346939,0.16918559729141608,0.450453,0.037067615405340454,True
21du,protenix-v2,0.7863310661224491,0.11250332498823619,0.28918,0.021786556831458286,True
21tw,protenix-v2,0.9789650685714286,0.047566769734653874,0.926606,0.24091027541934276,False
22ps,protenix-v2,0.7659175453061225,0.10180023849257071,0.591779,0.4379535571160314,False
9ck4,protenix-v2,0.8711562759183673,0.08035057526665404,0.391018,0.4485006906010928,False
9d3j,protenix-v2,0.9001061844897958,0.04940077214796286,0.509097,0.2513958729434545,False
9d72,protenix-v2,0.8127747404081633,0.15057081327448543,0.362239,0.03368722585479487,True
9d73,protenix-v2,0.9727319412244898,0.04112499076635607,0.93324,0.9390545778247931,False
9d74,protenix-v2,0.9374704383673469,0.05798290905375478,0.844096,0.8464633140134943,False
9dsg,protenix-v2,0.7427908057142857,0.12645895862077638,0.244313,0.3677937252639493,False
9fte,protenix-v2,0.787914173877551,0.09118552118912418,0.209121,0.18626935653126195,True
9gei,protenix-v2,0.5179253118367347,0.11485710282701107,0.03508,0.05306450340291844,True
9gfr,protenix-v2,0.8488334130612246,0.059301738907986616,0.130088,0.35980679894981776,False
9gvn,protenix-v2,0.9881156073469387,0.01810119374767094,0.912282,0.6615183817593487,False
9hv9,protenix-v2,0.9598544473469387,0.09837197501912394,0.86698,0.013571010850919543,True
9i3p,protenix-v2,0.9156701363265306,0.05400707502788821,0.785904,0.6670565300040349,False
9i5n,protenix-v2,0.7402576579591837,0.10870751375157434,0.193258,0.10643578618718787,True
9iar,protenix-v2,0.8914547183673468,0.07285077375756406,,0.3627182515914933,False
9ivj,protenix-v2,0.9284045118367347,0.09079824562113512,,0.0166933128608639,True
9j4c,protenix-v2,0.9810927534693876,0.012456182838877616,0.838077,0.5143053340657927,False
9j87,protenix-v2,0.5598672742857143,0.112781014589158,0.104037,0.6125178748974388,False
9jkr,protenix-v2,0.993293867755102,0.0029372822949914903,0.965113,0.8245680444892054,False
9jno,protenix-v2,0.8182083142857143,0.09841419616064606,0.30568,0.6456743303214422,False
9k6j,protenix-v2,0.9513520506122449,0.06264093776820957,0.925941,0.9405371355383871,False
9kwy,protenix-v2,0.8297718375510205,0.12560261937546402,0.328839,0.3851776144176993,False
9l1l,protenix-v2,0.745273170612245,0.06357304165612739,0.056574,0.05058652740479308,True
9l8z,protenix-v2,0.9746443428571429,0.07554815949989808,0.889385,0.9174906354769594,False
9l9o,protenix-v2,0.6003466742857143,0.1093294013200103,0.082664,0.42394111674865465,False
9l9y,protenix-v2,0.8285074473469387,0.09008182360729268,,0.3763559833821155,False
9lbw,protenix-v2,0.6924822710204082,0.064714243710387,0.074343,0.2015740417848615,True
9ldx,protenix-v2,0.6455842963265306,0.17538669235996127,0.231084,0.6593335890570725,False
9le0,protenix-v2,0.6455842963265306,0.17538669235996127,0.231084,0.6957054346561874,False
9lh2,protenix-v2,0.7835897746938776,0.11220078536758787,0.262731,0.011551315468443624,True
9lme,protenix-v2,0.7087673420408164,0.12306743671987218,,0.08918660302763147,True
9loe,protenix-v2,0.6235556391836734,0.1597359412211534,0.10502,0.17524734368536476,True
9lof,protenix-v2,0.7051844726530612,0.15200888470041463,0.220972,0.11658362716875381,True
9log,protenix-v2,0.5761276391836735,0.11899542520821416,0.050101,0.185519156145756,True
9loz,protenix-v2,0.9962172587755103,0.0015167775005242054,0.977839,0.9624420580058768,False
9lp1,protenix-v2,0.9953130048979594,0.0016452999840536765,0.977375,0.9233718786879036,False
9lqw,protenix-v2,0.9945272848979592,0.002382762377966709,0.961969,0.8332803767565012,False
9lr1,protenix-v2,0.9832487289795918,0.006617927989198841,0.897675,0.6736450364747686,False
9lsy,protenix-v2,0.6532389273469388,0.14723238528433452,0.179041,0.7684349278271846,False
9lsz,protenix-v2,0.8820259412244899,0.11077251271330538,0.356738,0.021975183839767664,True
9lwc,protenix-v2,0.6860203575510204,0.10566422078303532,0.138826,0.35784555171168364,False
9lxp,protenix-v2,0.944975448979592,0.045271415358849994,0.492362,0.6243599419684324,False
9ly2,protenix-v2,0.7880075665306123,0.10986848815512536,0.186322,,
9ly3,protenix-v2,0.7958405061224489,0.0984368008215204,0.203984,,
9ly5,protenix-v2,0.7411665795918367,0.08383234424759782,0.116977,0.6215881029011501,False
9ly6,protenix-v2,0.5580707518367347,0.09012529436429183,0.06038,0.03460244096143789,True
9lz0,protenix-v2,0.9915637224489797,0.004570727382798432,0.861181,0.8273722787634163,False
9lz1,protenix-v2,0.9915363779591837,0.0045461515301971865,0.857785,0.8100104408304185,False
9lz2,protenix-v2,0.8222204416326532,0.15717198384064296,0.428383,,
9m0j,protenix-v2,0.6616969722448979,0.08790197991323623,0.086408,0.612876044554888,False
9m0x,protenix-v2,0.7288264146938775,0.147801192078149,0.197172,0.0946973867956481,True
9m0z,protenix-v2,0.7496858604081633,0.149661454009729,0.2856,0.06805523281396199,True
9m1p,protenix-v2,0.715992332244898,0.1268951384840891,0.180013,0.09686391857422443,True
9m2o,protenix-v2,0.6886786685714286,0.1164764601079529,0.141565,0.3979742316729711,False
9m2s,protenix-v2,0.7496858604081633,0.149661454009729,0.2856,0.07261058537991642,True
9m3q,protenix-v2,0.715992332244898,0.1268951384840891,0.180013,0.09799712454849197,True
9m3s,protenix-v2,0.7109115453061225,0.12607202791165265,0.183522,0.02674172281727774,True
9m40,protenix-v2,0.9072619477551018,0.10442924976968136,0.606456,0.05795853726644215,True
9m72,protenix-v2,0.7500574024489797,0.11265735287773834,0.189919,0.07218996805751064,True
9m8k,protenix-v2,0.5118324555102041,0.07220342248084652,0.088187,0.6557019451452598,False
9m8l,protenix-v2,0.5896256555102041,0.060092683862266516,0.032151,0.11656621008270397,True
9ma0,protenix-v2,0.8442500530612244,0.1613220786506186,0.458851,0.21150461945287732,True
9mmj,protenix-v2,0.9627827575510204,0.07484439702910704,0.843574,0.853244968698268,False
9mnb,protenix-v2,0.7646325134693878,0.09737529616793304,0.157791,0.015289705769941977,True
9mns,protenix-v2,0.7704535542857143,0.08568411617068558,0.128836,0.2887752765872458,False
9mnt,protenix-v2,0.9446402930612245,0.07074029143097027,0.887709,0.6986668236517678,False
9mnu,protenix-v2,0.8480697583673469,0.08255471325139456,0.255984,0.16416799107359717,True
9msc,protenix-v2,0.8218652212244898,0.14900380763560853,0.526936,0.07044250712176049,True
9mxu,protenix-v2,0.6732185689795919,0.12775542809974422,0.13818,0.55677094993228,False
9mz6,protenix-v2,0.9627858195918366,0.06742983406875401,0.803099,0.85238978633406,False
9mz7,protenix-v2,0.994237676734694,0.005121439667968608,0.949464,0.9506474351501314,False
9mz8,protenix-v2,0.9672174595918368,0.06438612292596083,0.906961,0.9507066301017479,False
9mze,protenix-v2,0.7708840653061224,0.15934227608907808,0.323487,0.059774327587134024,True
9mzf,protenix-v2,0.8299380351020409,0.14305533355204242,0.422532,0.034259990185603176,True
9n05,protenix-v2,0.828466264489796,0.169033589620004,0.475122,0.21939320513070756,True
9n09,protenix-v2,0.5844876204081633,0.08283477521842952,0.06081,0.6890283765544248,False
9n0e,protenix-v2,0.6761485306122449,0.12463381722667541,0.172849,0.3950255355520753,False
9n1p,protenix-v2,0.828466332244898,0.16903399505530647,0.475114,0.23588649277851914,False
9n1q,protenix-v2,0.673278558367347,0.12279797931398055,0.132917,0.452799914644302,False
9n2i,protenix-v2,0.8640204318367347,0.1257571945873299,0.499118,0.07784213073894923,True
9n38,protenix-v2,0.9924807404081634,0.0038395189385586905,0.977044,0.8292243265733698,False
9n8i,protenix-v2,0.7871379763265307,0.06271911750457027,0.116508,0.21279782194790733,True
9n8n,protenix-v2,0.6503471869387755,0.05842358872018615,0.048339,0.05990537191542609,True
9ncd,protenix-v2,0.8566003248979593,0.045445977723659325,0.124708,0.19050430805588872,True
9ncy,protenix-v2,0.9385820587755103,0.08023564983612408,0.943187,0.7598849594912312,False
9nkz,protenix-v2,0.8651257600000001,0.1748274358019649,0.282084,0.633663636460096,False
9nl0,protenix-v2,0.8241456669387756,0.1884834469064258,0.722774,0.9501731740825236,False
9nl1,protenix-v2,0.9579207306122448,0.10753760402878008,0.933652,0.8975770290486161,False
9np0,protenix-v2,0.9950882914285716,0.0029135451797171526,0.960505,0.05068443332841105,True
9nw4,protenix-v2,0.9294620318367346,0.07951959814647035,0.487758,0.600877264980681,False
9nw7,protenix-v2,0.7767266791836734,0.11378428899395708,0.217825,0.5780084760568475,False
9nw8,protenix-v2,0.7767266791836734,0.11378428899395708,0.217825,0.5969675959924138,False
9nw9,protenix-v2,0.7767266791836734,0.11378428899395708,0.217825,0.6467271003208938,False
9nzf,protenix-v2,0.8534231542857142,0.17979260395395905,0.309841,0.7075087868515446,False
9obn,protenix-v2,0.9845034914285715,0.006477356887393285,0.90304,0.6639721065901877,False
9ppw,protenix-v2,0.488094521632653,0.09475807893929604,0.106201,0.6365022749429513,False
9ppy,protenix-v2,0.5185172979591837,0.1407037008281116,0.130829,0.6676256597714256,False
9pso,protenix-v2,0.9196393224489796,0.09198154169137938,0.755158,0.811180975895117,False
9q1l,protenix-v2,0.9931251077551021,0.003704004457371181,,0.9869944079575793,False
9q6h,protenix-v2,0.9968394351020406,0.0016421405789061704,0.970884,0.918043943263073,False
9q6n,protenix-v2,0.8790256081632654,0.07631719826209725,0.287151,0.20254982803661606,True
9q6y,protenix-v2,0.995776186122449,0.0021832987585376174,0.961183,0.8378824549740546,False
9q6z,protenix-v2,0.995776186122449,0.0021832987585376174,0.961183,0.8823840865914324,False
9q7y,protenix-v2,0.8479618465306124,0.043739557462064746,0.380887,0.5894216037325869,False
9qqe,protenix-v2,0.8896740171428572,0.09839304356580582,0.550591,0.10708935678766175,True
9qqf,protenix-v2,0.6753073379591836,0.08360120255806346,0.089425,0.1569334641258161,True
9qrv,protenix-v2,0.9072240220408164,0.05522966801722958,0.426092,0.03384153652045583,True
9rig,protenix-v2,0.7494494759183673,0.15945877837016095,0.417514,0.15703561526325138,True
9rih,protenix-v2,0.7688123216326531,0.10756024680430726,0.404026,0.08283360499713156,True
9rn6,protenix-v2,0.747130626122449,0.16458222606499276,0.336811,0.5736123787639387,False
9rye,protenix-v2,0.9749793893877552,0.023128031530154174,0.952361,0.9011910353051534,False
9ryf,protenix-v2,0.9749793893877552,0.023128031530154174,0.952361,0.8925557756954919,False
9sat,protenix-v2,0.7568713902040817,0.07135613273912522,0.125911,0.06151597608836871,True
9sbb,protenix-v2,0.7149299110204081,0.14065764969164743,0.197345,0.738635656010036,False
9ssm,protenix-v2,0.7555881893877552,0.0729874151872497,0.10919,0.16838311065241932,True
9t3r,protenix-v2,0.6186358048979591,0.1365239095753826,0.127525,0.19817019020107907,True
9t3s,protenix-v2,0.608368667755102,0.09974827317135657,0.072334,0.4313425430633888,False
9th6,protenix-v2,0.7828096897959185,0.06989905717796971,0.116715,0.6734796918596518,False
9tmp,protenix-v2,0.880762746122449,0.07794035501125227,0.368821,0.5684458873228716,False
9u5p,protenix-v2,0.9874740653061224,0.007522724618917115,0.8961,0.9039566201213427,False
9u5q,protenix-v2,0.9860275648979592,0.009997342141446156,0.872198,0.8878924634136373,False
9u5r,protenix-v2,0.9853908546938775,0.00912376708218193,0.872388,0.9092293097266276,False
9ua5,protenix-v2,0.5813982236734694,0.11330128731188169,0.098661,0.09062781161552724,True
9udq,protenix-v2,0.8717789387755103,0.07144654399640711,0.231859,0.13741296914245374,True
9ue0,protenix-v2,0.9207213730612244,0.050815820299238486,0.368961,0.20302326488773415,True
9ugo,protenix-v2,0.8519460114285714,0.05196817452782974,0.258851,0.12391842720369341,True
9uk2,protenix-v2,0.6497691567346939,0.1581836458856911,0.16619,0.5347773171771844,False
9ull,protenix-v2,0.9237350220408163,0.08286895595725355,,0.8718069228740738,False
9ulm,protenix-v2,0.94019036,0.07669480204580953,,0.8021725316254004,False
9ulp,protenix-v2,0.9909282048979591,0.005770080497268267,0.922515,0.31416035798596514,False
9uo0,protenix-v2,0.8751895257142857,0.14205500622558062,0.567709,0.2984153472075948,False
9uoc,protenix-v2,0.7564560579591837,0.12789817814121013,0.253241,0.7808710883397006,False
9uoi,protenix-v2,0.765240064489796,0.11857131803556949,0.266357,0.4459336556767292,False
9v0x,protenix-v2,0.7215732285714286,0.14883620272972045,0.250904,0.014812740574683009,True
9v1h,protenix-v2,0.5837209771428571,0.10186789625731811,0.215583,0.6938031166542574,False
9ve0,protenix-v2,0.8316195902040817,0.1291173955454976,0.324367,0.8025483702821732,False
9vmn,protenix-v2,0.6292815306122449,0.16460970959993204,0.399874,0.8219957721947546,False
9vmo,protenix-v2,0.6292815306122449,0.16460970959993204,0.399874,0.805514145780048,False
9vnp,protenix-v2,0.8200308857142858,0.1551085134844372,0.819512,0.8395428005381821,False
9vo2,protenix-v2,0.6292815306122449,0.16460970959993204,0.399874,0.8019316791932148,False
9w14,protenix-v2,0.9955153355102041,0.002335406477420972,0.965589,0.911718262151347,False
9wb3,protenix-v2,0.9874441126530613,0.008422685844471242,0.886433,0.9110422651062214,False
9wb4,protenix-v2,0.9860275648979592,0.009997342141446156,0.872198,0.8878924634136373,False
9wpm,protenix-v2,0.8949379632653062,0.1265515854885912,0.604969,0.024701248399840947,True
9wwh,protenix-v2,0.8858574930612244,0.13807684667388156,,0.798540706455126,False
9x05,protenix-v2,0.9160088514285714,0.12226974217224686,0.88778,0.8078077283758054,False
9x0j,protenix-v2,0.898323975510204,0.12539593671298424,0.793042,0.794416172277264,False
9x3z,protenix-v2,0.5837209771428571,0.10186789625731811,0.215583,0.5236666679295162,False
9xqb,protenix-v2,0.847464490612245,0.1300000744288143,0.530277,0.3895743113169252,False
9xqc,protenix-v2,0.5978966979591837,0.15933557607102664,0.341332,0.7246007235631965,False
9xqn,protenix-v2,0.6658946995918367,0.0952862885614198,0.131373,0.13916486763739902,True
9xsx,protenix-v2,0.8809636767346938,0.12236223447501755,0.830027,0.8183593977807363,False
9xth,protenix-v2,0.7579624334693877,0.09724705611838387,0.136901,0.3274536670011056,False
9y0a,protenix-v2,0.692576347755102,0.15073209576194058,0.1161,0.6352236847147156,False
9y0e,protenix-v2,0.6797090595918367,0.1626634339020665,0.180114,0.07516454992644307,True
9yc5,protenix-v2,0.8854153126530612,0.10005471631620433,0.846275,0.815713631271371,False
9yio,protenix-v2,0.8757399387755103,0.038491229538915435,0.18947,0.6414121557978482,False
9ynx,protenix-v2,0.9627773518367345,0.051548217638161975,,0.44167292086793064,False
9yxd,protenix-v2,0.9465205232653062,0.041052139052470044,0.686524,0.7752163644342112,False
9zdu,protenix-v2,0.9513528824489796,0.055498541469557766,0.931294,0.9392486784511678,False
9zen,protenix-v2,0.5980839085714286,0.0784919420264623,0.089113,0.198287125658104,True
